source,registry_name,city,state,pincode,facility_type,services,accredited
PMJAY,PHC Kesri,Ambala,Haryana,,Public,,false
PMJAY,PHC PANJOKHRA,Ambala,Haryana,,Public,,false
PMJAY,Northern Railway Divisional Hospital,Ambala,Haryana,,Public,,false
PMJAY,PHC BOH,Ambala,Haryana,,Public,,false
PMJAY,CIVIL HOSPITAL NARAINGARH,Ambala,Haryana,,Public,,false
PMJAY,CHC MULLANA,Ambala,Haryana,,Public,,false
PMJAY,CHC CHAURMASTPUR,Ambala,Haryana,,Public,,false
PMJAY,PHC Pathreri,Ambala,Haryana,,Public,,false
PMJAY,PHC SAHA,Ambala,Haryana,,Public,,false
PMJAY,Primary Health Centre Nahoni,Ambala,Haryana,,Public,,false
PMJAY,PHC NANYOLA,Ambala,Haryana,,Public,,false
PMJAY,PRIMARY HEALTH CENTER,Ambala,Haryana,,Public,,false
PMJAY,Noorpur,Ambala,Haryana,,Public,,false
PMJAY,PHC MAJRI,Ambala,Haryana,,Public,,false
PMJAY,PHC BHUREWALA,Ambala,Haryana,,Public,,false
PMJAY,CHC Ambli,Ambala,Haryana,,Public,,false
PMJAY,PHC Ugala,Ambala,Haryana,,Public,,false
PMJAY,phc bihta,Ambala,Haryana,,Public,,false
PMJAY,CHC Shahzadpur,Ambala,Haryana,,Public,,false
PMJAY,Sub Divisional Civil Hospital Ambala cantt,Ambala,Haryana,,Public,,false
PMJAY,PHC Kurali,Ambala,Haryana,,Public,,false
PMJAY,PHC CHANDSOULI,Ambala,Haryana,,Public,,false
PMJAY,CHC BARARA,Ambala,Haryana,,Public,,false
PMJAY,PHC SAMLEHRI,Ambala,Haryana,,Public,,false
PMJAY,DISTRICT CIVIL HOSPITAL AMBALA CITY,Ambala,Haryana,,Public,,false
PMJAY,N.P SINGH HOSPITAL,Ambala,Haryana,,Private,,false
PMJAY,MONGA HOSPITAL AND STONE CENTER,Ambala,Haryana,,Private,,false
PMJAY,PHILADELPHIA HOSPITAL,Ambala,Haryana,,Private,,false
PMJAY,M.M. COLLEGE OF MEDICAL SCIENCES & RESEARCH,Ambala,Haryana,,Private,,false
PMJAY,PC SHARMA EYE HOSPITAL,Ambala,Haryana,,Private,,false
PMJAY,GUPTA NURSING HOME,Ambala,Haryana,,Private,,false
PMJAY,MEHNDIRATTA HOSPITAL,Ambala,Haryana,,Private,,false
PMJAY,SHRI SAI HOSPITAL,Ambala,Haryana,,Private,,false
PMJAY,ANTT@GMAIL.COM Madhu Bala Bedi 8295959395 35 HOSP6P92417 L J EYE INSTITUTE,Ambala,Haryana,,Private,,false
PMJAY,ANEJA HOSPITAL AND NURSING HOME,Ambala,Haryana,,Private,,false
PMJAY,Sri Onkar EYE and ENT Care Centre,Ambala,Haryana,,Private,,false
PMJAY,RAI MULTI SPECIALITY HOSPITAL,Ambala,Haryana,,Private,,false
PMJAY,LEELAWATI HOSPITAL,Ambala,Haryana,,Private,,false
PMJAY,HEALING TOUCH SUPER SPECIALITY HOSPITAL A,Ambala,Haryana,,Private,,false
PMJAY,MM HOSPITAL,Ambala,Haryana,,Private,,false
PMJAY,GUARDIAN HOSPITAL,Ambala,Haryana,,Private,,false
PMJAY,APEX HEART SUPERSPECIALITY HOSPITALPrivate APEXHEART.AMBALA@GMA IL.COM Rajat Jain 9891236587 44 HOSP6P03090 K D HOSPITAL MRI AND CT SCAN,Ambala,Haryana,,Private,,false
PMJAY,Bhagat Orthopaedic Hospital,Ambala,Haryana,,Private,,false
PMJAY,JASPAL NURSING HOME,Ambala,Haryana,,Private,,false
PMJAY,ARYA BHUSHAN MATERNITY AND NURSING HOME,Ambala,Haryana,,Private,,false
PMJAY,SARVOTAM ENT CENTRE,Ambala,Haryana,,Private,,false
PMJAY,SHANTI DEVI NURSING HOME,Ambala,Haryana,,Private,,false
PMJAY,SARWAL HOSPITAL,Ambala,Haryana,,Private,,false
PMJAY,BANSAL EYE HOSPITAL,Ambala,Haryana,,Private,,false
PMJAY,JP SURGICAL HOSPITAL,Ambala,Haryana,,Private,,false
PMJAY,VOHRA EYE HOSPITAL,Ambala,Haryana,,Private,,false
PMJAY,ROTARY AMBALA CANCER AND GENERAL HOSPITAL,Ambala,Haryana,,Private,,false
PMJAY,AAROGYA HOSPITAL,Ambala,Haryana,,Private,,false
PMJAY,C LALL HOSPITAL,Ambala,Haryana,,Private,,false
PMJAY,AGGARWAL HEART AND SURGICAL HOSPITAL,Ambala,Haryana,,Private,,false
PMJAY,Ishwar Hospital ambala city,Ambala,Haryana,,Private,,false
PMJAY,SANJIVNI EYE AND MEDICARE CENTRE,Ambala,Haryana,,Private,,false
PMJAY,PANKAJ GARG HOSPITAL,Ambala,Haryana,,Private,,false
PMJAY,NANDRA HOSPITAL,Ambala,Haryana,,Private,,false
PMJAY,DHILLON NURSING HOME,Ambala,Haryana,,Private,,false
PMJAY,M K DATTA HOSPITAL,Ambala,Haryana,,Private,,false
PMJAY,Gulati Eye Care and Medical Centre A unit of Manav,Ambala,Haryana,,Private,,false
PMJAY,Prabhakar hospital,Ambala,Haryana,,Private,,false
PMJAY,NARAIN HOSPITAL,Ambala,Haryana,,Private,,false
PMJAY,BANSAL GLOBAL HOSPITAL,Ambala,Haryana,,Private,,false
PMJAY,Garg Maternity and Surgical Hospital,Ambala,Haryana,,Private,,false
PMJAY,MANOCHA EYE HOSPITAL,Ambala,Haryana,,Private,,false
PMJAY,M M INSTITUTE OF MEDICAL SCIENCES AND,Ambala,Haryana,,Private,,false
PMJAY,KAPIL EYE HOSPITAL,Ambala,Haryana,,Private,,false
PMJAY,Civil Hospital,Bhiwani,Haryana,,Public,,false
PMJAY,CIVIL HOSPITAL BHIWANI,Bhiwani,Haryana,,Public,,false
PMJAY,SDH Tosham,Bhiwani,Haryana,,Public,,false
PMJAY,SDH SIWANI,Bhiwani,Haryana,,Public,,false
PMJAY,CHC Loharu,Bhiwani,Haryana,,Public,,false
PMJAY,SDH BAWANI KHERA,Bhiwani,Haryana,,Public,,false
PMJAY,ESI HOSPITAL,Bhiwani,Haryana,,Public,,false
PMJAY,CHC Kairu,Bhiwani,Haryana,,Public,,false
PMJAY,Chc Dhanana,Bhiwani,Haryana,,Public,,false
PMJAY,HSC Miran,Bhiwani,Haryana,,Public,,false
PMJAY,CHC MANHERU,Bhiwani,Haryana,,Public,,false
PMJAY,CHC JAMALPUR,Bhiwani,Haryana,,Public,,false
PMJAY,PHC BIRAN,Bhiwani,Haryana,,Public,,false
PMJAY,PHC Nakipur,Bhiwani,Haryana,,Public,,false
PMJAY,phc sohansara,Bhiwani,Haryana,,Public,,false
PMJAY,PHC bahal,Bhiwani,Haryana,,Public,,false
PMJAY,PHC Dighawa,Bhiwani,Haryana,,Public,,false
PMJAY,PHC Jhumpa Kalan,Bhiwani,Haryana,,Public,,false
PMJAY,phc chang,Bhiwani,Haryana,,Public,,false
PMJAY,PHC SUI,Bhiwani,Haryana,,Public,,false
PMJAY,PHC Nandgaon,Bhiwani,Haryana,,Public,,false
PMJAY,PHC Dinod,Bhiwani,Haryana,,Public,,false
PMJAY,PHC Dhani Mahu,Bhiwani,Haryana,,Public,,false
PMJAY,PHC Barwa,Bhiwani,Haryana,,Public,,false
PMJAY,kharak,Bhiwani,Haryana,,Public,,false
PMJAY,PHC JUI,Bhiwani,Haryana,,Public,,false
PMJAY,PHC Gurera,Bhiwani,Haryana,,Public,,false
PMJAY,PHC BAMLA,Bhiwani,Haryana,,Public,,false
PMJAY,PHC Talu,Bhiwani,Haryana,,Public,,false
PMJAY,PHC BUSHAN,Bhiwani,Haryana,,Public,,false
PMJAY,PHC SANDWA,Bhiwani,Haryana,,Public,,false
PMJAY,PHC Lilas,Bhiwani,Haryana,,Public,,false
PMJAY,UPHC Bharat Nager,Bhiwani,Haryana,,Public,,false
PMJAY,PHC PUR,Bhiwani,Haryana,,Public,,false
PMJAY,UPHC Dhana road,Bhiwani,Haryana,,Public,,false
PMJAY,UPHC Sewa Nagar,Bhiwani,Haryana,,Public,,false
PMJAY,PHC Alakhpura,Bhiwani,Haryana,,Public,,false
PMJAY,OM Hospital,Bhiwani,Haryana,,Private,,false
PMJAY,AYUSHMAN MULTISPECIALITY HOSPITAL BHIWANI,Bhiwani,Haryana,,Private,,false
PMJAY,EYE Q VISION PVT LTD,Bhiwani,Haryana,,Private,,false
PMJAY,Chugh Multispeclity Hospital,Bhiwani,Haryana,,Private,,false
PMJAY,Dhir Hospital,Bhiwani,Haryana,,Private,,false
PMJAY,SKP MULTISPECIALTY HOSPITAL,Bhiwani,Haryana,,Private,,false
PMJAY,ANCHAL MULTISPECIALITY HOSPITAL AND MATERNITY CENTER,Bhiwani,Haryana,,Private,,false
PMJAY,JANGRA HOSPITAL AND MATERNITY CENTRE,Bhiwani,Haryana,,Private,,false
PMJAY,SGT MEDICAL COLLEGE HOSPITAL AND RESEARCH INSTITUTE,Bhiwani,Haryana,,Private,,false
PMJAY,aman hospital,Bhiwani,Haryana,,Private,,false
PMJAY,DHAMIJA CHEST HOSPITAL,Bhiwani,Haryana,,Private,,false
PMJAY,Ranvirhospital,Bhiwani,Haryana,,Private,,false
PMJAY,Panwar Hospital,Bhiwani,Haryana,,Private,,false
PMJAY,Sharma Nursing And Maternity Home,Bhiwani,Haryana,,Private,,false
PMJAY,RPS Hospital,Bhiwani,Haryana,,Private,,false
PMJAY,SINGLA HOSPITAL,Bhiwani,Haryana,,Private,,false
PMJAY,SHRI BABA YOGI NETANATH HOSPITAL AND RESEARCH CENTRE,Bhiwani,Haryana,,Private,,false
PMJAY,SHREE GANESHA HOSPITAL,Bhiwani,Haryana,,Private,,false
PMJAY,smsg multispeciality hospital,Bhiwani,Haryana,,Private,,false
PMJAY,SHARMA HOSPITAL,Bhiwani,Haryana,,Private,,false
PMJAY,RAHUL GOYAL TRAUMA AND JOINT REPLACEMENT CENTER,Bhiwani,Haryana,,Private,,false
PMJAY,GIRDHAR MULTISPECIALITY HOSPITAL,Bhiwani,Haryana,,Private,,false
PMJAY,BHARDWAJ HOSPITAL,Bhiwani,Haryana,,Private,,false
PMJAY,CITY NURSING HOME,Bhiwani,Haryana,,Private,,false
PMJAY,Kalyan Hospital,Bhiwani,Haryana,,Private,,false
PMJAY,AASTHA HOSPITAL,Bhiwani,Haryana,,Private,,false
PMJAY,PARAM HOSPITAL,Bhiwani,Haryana,,Private,,false
PMJAY,suraj URO and NEURO Super Specialty Hospital,Bhiwani,Haryana,,Private,,false
PMJAY,GMC SUNRISE HOSPITAL,Bhiwani,Haryana,,Private,,false
PMJAY,MITTAL EYE HOSPITAL,Bhiwani,Haryana,,Private,,false
PMJAY,BHARAT ENT AND ENDOSCOPY HOSPITAL,Bhiwani,Haryana,,Private,,false
PMJAY,NUCLEUS HOSPITAL,Bhiwani,Haryana,,Private,,false
PMJAY,SHANTI HOSPITAL,Bhiwani,Haryana,,Private,,false
PMJAY,AGARWAL CHILDREN HOSPITAL,Bhiwani,Haryana,,Private,,false
PMJAY,Centre for Sight Bhiwani A Unit of New Delhi Centre for Sight Ltd,Bhiwani,Haryana,,Private,,false
PMJAY,MK HOSPITAL BHIWANI,Bhiwani,Haryana,,Private,,false
PMJAY,SWASTIK HOSPITAL,Bhiwani,Haryana,,Private,,false
PMJAY,LOKPRIYA SUPERSPECIALITY HOSPITAL,Bhiwani,Haryana,,Private,,false
PMJAY,SANJIVANI MULTISPECIALITY HOSPITAL,Bhiwani,Haryana,,Private,,false
PMJAY,HASTI HOSPITAL,Bhiwani,Haryana,,Private,,false
PMJAY,PHC RANILA,Charkhi Dadri,Haryana,,Public,,false
PMJAY,CHC JHOJHU KALAN,Charkhi Dadri,Haryana,,Public,,false
PMJAY,CHC Gopi,Charkhi Dadri,Haryana,,Public,,false
PMJAY,PHC BADHRA,Charkhi Dadri,Haryana,,Public,,false
PMJAY,CHC BAUND KALAN,Charkhi Dadri,Haryana,,Public,,false
PMJAY,PHC MAI KALAN,Charkhi Dadri,Haryana,,Public,,false
PMJAY,Udham Singh Jain Civil Hospital Charkhi Dadri,Charkhi Dadri,Haryana,,Public,,false
PMJAY,PHC ACHINA,Charkhi Dadri,Haryana,,Public,,false
PMJAY,PHC SANTOKHPURA,Charkhi Dadri,Haryana,,Public,,false
PMJAY,PHC HARODI,Charkhi Dadri,Haryana,,Public,,false
PMJAY,PHC SANWAR,Charkhi Dadri,Haryana,,Public,,false
PMJAY,MCH UNIT,Charkhi Dadri,Haryana,,Public,,false
PMJAY,PHC BALKARA,Charkhi Dadri,Haryana,,Public,,false
PMJAY,PHC CHHAPAR,Charkhi Dadri,Haryana,,Public,,false
PMJAY,SHEORAN MANAV SEWA HOSPITAL,Charkhi Dadri,Haryana,,Private,,false
PMJAY,BOHRA HOSPITAL BADHRA,Charkhi Dadri,Haryana,,Private,,false
PMJAY,FIT FUTURE HEALTHCARE A UNIT OF FITFUTURE HEALTHCARE STUDIO PVT LTDPrivate fitfuturehealthcare@gmail.com Anshul 9996216565 18 HOSP6P168678 SHREE KRISHAN CANCER AYURVDIC NIROGADHAM AND GENERAL HOSPITALPrivate dineshgrewal410@gmail.com Dinesh Kumar 9728035720 19 HOSP6P140268 CHOUDHARY KASHIRAM MULTISPECIALITY HOSPITAL,Charkhi Dadri,Haryana,,Private,,false
PMJAY,SUVIDHA HEALTH CARE,Charkhi Dadri,Haryana,,Private,,false
PMJAY,OSCAR SUPER SPECIALITY HOSPITAL & TRAUMA CENTER A UNIT OF OSCAR,Charkhi Dadri,Haryana,,Private,,false
PMJAY,JAI HIND HEALTHCARE,Charkhi Dadri,Haryana,,Private,,false
PMJAY,GEETANJALI HOSPITAL AND EYE CARE CENTRE,Charkhi Dadri,Haryana,,Private,,false
PMJAY,KRISHNAHOSPITAL,Charkhi Dadri,Haryana,,Private,,false
PMJAY,PARTAP HEART AND CHEST HOSPITAL,Charkhi Dadri,Haryana,,Private,,false
PMJAY,Sehrawat Hospital,Charkhi Dadri,Haryana,,Private,,false
PMJAY,SUNFLAG HOSPITAL DADRI PVT. LTD,Charkhi Dadri,Haryana,,Private,,false
PMJAY,BALAJI MULTI SPECIALITY HOSPITAL & TRAUMA CENTRE,Charkhi Dadri,Haryana,,Private,,false
PMJAY,ALTIMA HOSPITAL,Charkhi Dadri,Haryana,,Private,,false
PMJAY,BABA HEALTHCARE,Charkhi Dadri,Haryana,,Private,,false
PMJAY,SHREE HOSPITAL,Charkhi Dadri,Haryana,,Private,,false
PMJAY,Life Care Multispeciality Hospital,Charkhi Dadri,Haryana,,Private,,false
PMJAY,YADUVANSHI HOSPITAL,Charkhi Dadri,Haryana,,Private,,false
PMJAY,GK Super Speciality Hospital,Charkhi Dadri,Haryana,,Private,,false
PMJAY,DADRI HOSPITAL & HEART CENTRE,Charkhi Dadri,Haryana,,Private,,false
PMJAY,PRADHAN MEDICARE CENTRE,Charkhi Dadri,Haryana,,Private,,false
PMJAY,SANTUSHTI MULTISPECIALITY HOSPITAL,Charkhi Dadri,Haryana,,Private,,false
PMJAY,UHC MEWLA MAHARAJPUR,Faridabad,Haryana,,Public,,false
PMJAY,CHC Tigaon,Faridabad,Haryana,,Public,,false
PMJAY,Civil Hospital Faridabad,Faridabad,Haryana,,Public,,false
PMJAY,PHC Palla,Faridabad,Haryana,,Public,,false
PMJAY,UPHCDABUA,Faridabad,Haryana,,Public,,false
PMJAY,PHC PALI,Faridabad,Haryana,,Public,,false
PMJAY,UHC SGM NAGAR,Faridabad,Haryana,,Public,,false
PMJAY,PHC Fatehpur Tagga,Faridabad,Haryana,,Public,,false
PMJAY,PHC Fatehpur Billoch,Faridabad,Haryana,,Public,,false
PMJAY,CHC Kurali,Faridabad,Haryana,,Public,,false
PMJAY,FRU1,Faridabad,Haryana,,Public,,false
PMJAY,PHC Anangpur,Faridabad,Haryana,,Public,,false
PMJAY,PHC Panhera Khurd,Faridabad,Haryana,,Public,,false
PMJAY,PHC Mohna,Faridabad,Haryana,,Public,,false
PMJAY,PHC Seekri,Faridabad,Haryana,,Public,,false
PMJAY,PHC Dhouj,Faridabad,Haryana,,Public,,false
PMJAY,community Health center Kheri kala,Faridabad,Haryana,,Public,,false
PMJAY,FRU11,Faridabad,Haryana,,Public,,false
PMJAY,SUB DIVISINAL HOSPITAL BALLABGARH,Faridabad,Haryana,,Public,,false
PMJAY,PHC Dayalpur,Faridabad,Haryana,,Public,,false
PMJAY,PHC Chahainsa,Faridabad,Haryana,,Public,,false
PMJAY,ESI HOSPITAL SECTOR 8 FARIDABAD,Faridabad,Haryana,,Public,,false
PMJAY,PARK HOSPITAL A UNIT OF AGGARWAL HOSPITAL AND RESEARCH SERVICES PVT LTD,Faridabad,Haryana,,Private,,false
PMJAY,surya ortho and trauma centre,Faridabad,Haryana,,Private,,false
PMJAY,DR SURAJ PRAKASH AROGYA KENDRA,Faridabad,Haryana,,Private,,false
PMJAY,AASTHA EYE CENTRE,Faridabad,Haryana,,Private,,false
PMJAY,GANDHI EYE CENTRE,Faridabad,Haryana,,Private,,false
PMJAY,Arsh Hospital,Faridabad,Haryana,,Private,,false
PMJAY,SANTOSH MULTISPECIALITY HOSPITAL,Faridabad,Haryana,,Private,,false
PMJAY,PAWAN HOSPITAL,Faridabad,Haryana,,Private,,false
PMJAY,Apurva Nursing Home,Faridabad,Haryana,,Private,,false
PMJAY,Supreme Hospital,Faridabad,Haryana,,Private,,false
PMJAY,DRISHTI EYE CENTRE,Faridabad,Haryana,,Private,,false
PMJAY,CENTRE FOR SIGHT FARIDABAD,Faridabad,Haryana,,Private,,false
PMJAY,AL FALAH HOSPITAL,Faridabad,Haryana,,Private,,false
PMJAY,Doctor today ivf and multi specialty hospital,Faridabad,Haryana,,Private,,false
PMJAY,Handa Medical Centre,Faridabad,Haryana,,Private,,false
PMJAY,R K HOSPITAL,Faridabad,Haryana,,Private,,false
PMJAY,Manavta Hospitals,Faridabad,Haryana,,Private,,false
PMJAY,GOYAL HOSPITAL,Faridabad,Haryana,,Private,,false
PMJAY,PAWAN HOSPITAL UNIT 2,Faridabad,Haryana,,Private,,false
PMJAY,Shanti Devi Memorial Hospital,Faridabad,Haryana,,Private,,false
PMJAY,SARVODAYA HOSPITAL AND RESEARCH CENTRE A UNIT OF ANSHU HOSPITALS LTD,Faridabad,Haryana,,Private,,false
PMJAY,NATIONAL INSTITUTE OF MEDICAL SCIENCES,Faridabad,Haryana,,Private,,false
PMJAY,CHC JAKHAL,Fatehabad,Haryana,,Public,,false
PMJAY,PHCHASSANGA,Fatehabad,Haryana,,Public,,false
PMJAY,CIVIL HOSPITAL FATEHABAD,Fatehabad,Haryana,,Public,,false
PMJAY,PHC MAMUPUR,Fatehabad,Haryana,,Public,,false
PMJAY,PHC BHIRDANA,Fatehabad,Haryana,,Public,,false
PMJAY,PHC KULLAN,Fatehabad,Haryana,,Public,,false
PMJAY,PHC NAGPUR,Fatehabad,Haryana,,Public,,false
PMJAY,Civil Hospital Tohana,Fatehabad,Haryana,,Public,,false
PMJAY,PHC MEYOND KALAN,Fatehabad,Haryana,,Public,,false
PMJAY,CHC BHUTHAN KALAN,Fatehabad,Haryana,,Public,,false
PMJAY,PHC PIRTHALA,Fatehabad,Haryana,,Public,,false
PMJAY,COMMUNITY HEALTH CENTRE BHATTU KALAN,Fatehabad,Haryana,,Public,,false
PMJAY,PHC KHABRA KALAN,Fatehabad,Haryana,,Public,,false
PMJAY,PHC AHERWAN,Fatehabad,Haryana,,Public,,false
PMJAY,PHC JHALNIA,Fatehabad,Haryana,,Public,,false
PMJAY,CHC Bhuna,Fatehabad,Haryana,,Public,,false
PMJAY,CHC RATIA,Fatehabad,Haryana,,Public,,false
PMJAY,PHC PILIMANDORI,Fatehabad,Haryana,,Public,,false
PMJAY,CHC Badopal,Fatehabad,Haryana,,Public,,false
PMJAY,PHC INDACHHOI,Fatehabad,Haryana,,Public,,false
PMJAY,PHC NEHLA,Fatehabad,Haryana,,Public,,false
PMJAY,PHC KHAIRATI KHERA,Fatehabad,Haryana,,Public,,false
PMJAY,MEHTA EYE HOSPITAL,Fatehabad,Haryana,,Private,,false
PMJAY,GURU FAQIR SAHAJ JAIN CHARITABLE HOSPITAL,Fatehabad,Haryana,,Private,,false
PMJAY,KAKKAR NURSING HOME,Fatehabad,Haryana,,Private,,false
PMJAY,DEEPANSH BHATIA NURSING HOME,Fatehabad,Haryana,,Private,,false
PMJAY,SUVIDHA HOSPITAL,Fatehabad,Haryana,,Private,,false
PMJAY,SHALINI SURGICAL & MATERNITY HOSPITAL,Fatehabad,Haryana,,Private,,false
PMJAY,PARUL ENT SKIN AND LASER CENTRE,Fatehabad,Haryana,,Private,,false
PMJAY,SAI HOSPITAL,Fatehabad,Haryana,,Private,,false
PMJAY,JAIPUR CHILDREN HOSPITAL,Fatehabad,Haryana,,Private,,false
PMJAY,WADHWA SURGICAL HOSPITAL,Fatehabad,Haryana,,Private,,false
PMJAY,LIFE CARE HOSPITAL,Fatehabad,Haryana,,Private,,false
PMJAY,UMEED MULTISPECIALITY HOSPITAL & TRAUMA CENTRE,Fatehabad,Haryana,,Private,,false
PMJAY,SIWATCH MATERNITY AND SURGICAL HOSPITAL,Fatehabad,Haryana,,Private,,false
PMJAY,GOEL NURSING HOME,Fatehabad,Haryana,,Private,,false
PMJAY,KHANNA ENT AND DENTAL HOSPITAL,Fatehabad,Haryana,,Private,,false
PMJAY,JANTA EYE AND MATERNITY HOSPITAL,Fatehabad,Haryana,,Private,,false
PMJAY,AJAY HOSPITAL,Fatehabad,Haryana,,Private,,false
PMJAY,SADBHAVNA HOSPITAL,Fatehabad,Haryana,,Private,,false
PMJAY,ARORA HOSPITAL,Fatehabad,Haryana,,Private,,false
PMJAY,RAJAN EYE HEART AND LASER CENTRE,Fatehabad,Haryana,,Private,,false
PMJAY,EYE Q VISION PVT LTD,Fatehabad,Haryana,,Private,,false
PMJAY,RAJASTHAN MEDICAL CENTER,Fatehabad,Haryana,,Private,,false
PMJAY,HARE KRISHNA NETRALAYA,Fatehabad,Haryana,,Private,,false
PMJAY,UPHC GANDHINAGAR,Gurugram,Haryana,,Public,,false
PMJAY,UPHC NAHARPUR ROOPA,Gurugram,Haryana,,Public,,false
PMJAY,"URBAN PRIMARY HEALTH CENTER, RAJENDRA PARK",Gurugram,Haryana,,Public,,false
PMJAY,"URBAN PRIMARY HEALTH CENTER, NATHUPUR",Gurugram,Haryana,,Public,,false
PMJAY,PHC WAZIRABAD,Gurugram,Haryana,,Public,,false
PMJAY,"URBAN PRIMARY HEALTH CENTRE, CHAUMA",Gurugram,Haryana,,Public,,false
PMJAY,UPHC TIGRA,Gurugram,Haryana,,Public,,false
PMJAY,"URBAN PRIMARY HEALTH CENTRE, KHANDSA",Gurugram,Haryana,,Public,,false
PMJAY,UPHC PATEL NAGAR GURUGRAM,Gurugram,Haryana,,Public,,false
PMJAY,UPHC FIROJ GANDHI COLONY,Gurugram,Haryana,,Public,,false
PMJAY,POLYCLINIC SECTOR 31,Gurugram,Haryana,,Public,,false
PMJAY,PHC BHANGROLA,Gurugram,Haryana,,Public,,false
PMJAY,UPHC SURATNAGAR,Gurugram,Haryana,,Public,,false
PMJAY,PHC Palra,Gurugram,Haryana,,Public,,false
PMJAY,UPHC SUKHRALI,Gurugram,Haryana,,Public,,false
PMJAY,UPHC LAXMANVIHAR,Gurugram,Haryana,,Public,,false
PMJAY,Composite Hospital NSG Manesar,Gurugram,Haryana,,Public,,false
PMJAY,CHC FARRUKHNAGAR,Gurugram,Haryana,,Public,,false
PMJAY,PHC Mandpura,Gurugram,Haryana,,Public,,false
PMJAY,PHC Kasan,Gurugram,Haryana,,Public,,false
PMJAY,PHC PATLI HAJIPUR,Gurugram,Haryana,,Public,,false
PMJAY,"URBAN PRIMARY HEALTH CENTRE, BASAI ENCLAVE",Gurugram,Haryana,,Public,,false
PMJAY,CIVIL HOSPITAL SECTOR 10 GURUGRAM,Gurugram,Haryana,,Public,,false
PMJAY,UPHC FAZILPUR,Gurugram,Haryana,,Public,,false
PMJAY,PHC BADSHAPUR,Gurugram,Haryana,,Public,,false
PMJAY,PHC DAULTABAD,Gurugram,Haryana,,Public,,false
PMJAY,UPHC SECTOR 58,Gurugram,Haryana,,Public,,false
PMJAY,PHC Gurgaon Village,Gurugram,Haryana,,Public,,false
PMJAY,CHC Bhorakalan,Gurugram,Haryana,,Public,,false
PMJAY,UPHC CHANDERLOK,Gurugram,Haryana,,Public,,false
PMJAY,CIVIL HOSPITAL SOHNA,Gurugram,Haryana,,Public,,false
PMJAY,PHC Bhondsi,Gurugram,Haryana,,Public,,false
PMJAY,UPHC SHEETLACOLONY,Gurugram,Haryana,,Public,,false
PMJAY,SDH Hailymandi,Gurugram,Haryana,,Public,,false
PMJAY,CHCS GHANGOLA,Gurugram,Haryana,,Public,,false
PMJAY,UPHC MANESAR,Gurugram,Haryana,,Public,,false
PMJAY,UPHC MULLAHERA,Gurugram,Haryana,,Public,,false
PMJAY,PHC Nakhrola,Gurugram,Haryana,,Public,,false
PMJAY,SDCH PATAUDI,Gurugram,Haryana,,Public,,false
PMJAY,PHC Garhi Harsaru,Gurugram,Haryana,,Public,,false
PMJAY,SGT MEDICAL COLLEGE HOSPITAL AND RESEARCH INSTITUTE,Gurugram,Haryana,,Private,,false
PMJAY,THE SIGNATURE HOSPITAL A UNIT OF PARK MEDICITY NORTH PVT LTD,Gurugram,Haryana,,Private,,false
PMJAY,VIAAN EYE AND RETINA CENTRE,Gurugram,Haryana,,Private,,false
PMJAY,SADH CARE HOSPITAL,Gurugram,Haryana,,Private,,false
PMJAY,SILVERSTREAK MULTISPECIALITY HOSPITAL,Gurugram,Haryana,,Private,,false
PMJAY,Park Hospital a unit of park Medicenters and institutions Pvt Ltd,Gurugram,Haryana,,Private,,false
PMJAY,BHARAT VIKAS PARISHAD MAHARANAPRATAP NYAS,Gurugram,Haryana,,Private,,false
PMJAY,KAMLA HOSPITAL,Gurugram,Haryana,,Private,,false
PMJAY,JAIN HOSPITAL,Gurugram,Haryana,,Private,,false
PMJAY,AHOOJA EYE AND DENTAL INSTITUTE,Gurugram,Haryana,,Private,,false
PMJAY,SIGHT AVENUE PRIVATE LIMITED,Gurugram,Haryana,,Private,,false
PMJAY,CHIRAG HOSPITAL,Gurugram,Haryana,,Private,,false
PMJAY,PUSHPANJALI HOSPITAL,Gurugram,Haryana,,Private,,false
PMJAY,UMANG SUPERSPECIALITY HOSPITAL,Gurugram,Haryana,,Private,,false
PMJAY,KRITI HOSPITAL,Gurugram,Haryana,,Private,,false
PMJAY,KATHURIA HOSPITAL,Gurugram,Haryana,,Private,,false
PMJAY,geetanjali hospital pataudi,Gurugram,Haryana,,Private,,false
PMJAY,EYE Q VISION PVT LTD,Gurugram,Haryana,,Private,,false
PMJAY,Sudarshan Poly Dental Centre,Gurugram,Haryana,,Private,,false
PMJAY,LALL 2020 EYE CARE PRIVATE LIMITED,Gurugram,Haryana,,Private,,false
PMJAY,Mamta Hospital,Gurugram,Haryana,,Private,,false
PMJAY,ARUNODAYA DESERET EYE HOSPITAL,Gurugram,Haryana,,Private,,false
PMJAY,DAYAL EYE CENTRE,Gurugram,Haryana,,Private,,false
PMJAY,Muskaan Dentals,Gurugram,Haryana,,Private,,false
PMJAY,COMPLETE EYE CARE,Gurugram,Haryana,,Private,,false
PMJAY,k k health care centre,Gurugram,Haryana,,Private,,false
PMJAY,MAYOM HOSPITAL,Gurugram,Haryana,,Private,,false
PMJAY,Centre For Sight Gurgaon,Gurugram,Haryana,,Private,,false
PMJAY,UMKAL HOSPITAL PVT LTD,Gurugram,Haryana,,Private,,false
PMJAY,MAHARAJA AGRASEN MEDICAL COLLEGE AGROHA,Hisar,Haryana,,Public,,false
PMJAY,PHC BICHPARI,Hisar,Haryana,,Public,,false
PMJAY,UPHC 4 QUTUB GATE HANSI,Hisar,Haryana,,Public,,false
PMJAY,HWC PHC BHANBHORI,Hisar,Haryana,,Public,,false
PMJAY,CHC KHANDA KHERI,Hisar,Haryana,,Public,,false
PMJAY,PHC LADWA,Hisar,Haryana,,Public,,false
PMJAY,PHC DOBHI,Hisar,Haryana,,Public,,false
PMJAY,HARPOOL CHAND TAYAL HOSPITAL PHC SATROD KALAN,Hisar,Haryana,,Public,,false
PMJAY,URBAN HEALTH CENTRE,Hisar,Haryana,,Public,,false
PMJAY,PHC DAULATPUR,Hisar,Haryana,,Public,,false
PMJAY,PHC AGROHA,Hisar,Haryana,,Public,,false
PMJAY,9 BN BSF UNIT HOSPITAL,Hisar,Haryana,,Public,,false
PMJAY,PHC HASANGARH,Hisar,Haryana,,Public,,false
PMJAY,PHC Dhansu,Hisar,Haryana,,Public,,false
PMJAY,CHC SISWAL,Hisar,Haryana,,Public,,false
PMJAY,PHC CHAUDHARIWAS,Hisar,Haryana,,Public,,false
PMJAY,SDH Hansi,Hisar,Haryana,,Public,,false
PMJAY,CHC Aryanagar,Hisar,Haryana,,Public,,false
PMJAY,CIVIL HOSPITAL HISAR,Hisar,Haryana,,Public,,false
PMJAY,CHC SISAI,Hisar,Haryana,,Public,,false
PMJAY,PHC Talwandi Rukka,Hisar,Haryana,,Public,,false
PMJAY,PHC Thurana,Hisar,Haryana,,Public,,false
PMJAY,CHC Mangali,Hisar,Haryana,,Public,,false
PMJAY,CHC CUM SDH BARWALA HISAR,Hisar,Haryana,,Public,,false
PMJAY,PHC PABRA,Hisar,Haryana,,Public,,false
PMJAY,PHC Neoli KalaN,Hisar,Haryana,,Public,,false
PMJAY,PHC DATTA,Hisar,Haryana,,Public,,false
PMJAY,CHC Sorkhi,Hisar,Haryana,,Public,,false
PMJAY,PHC Kajlan,Hisar,Haryana,,Public,,false
PMJAY,SDH Adampur,Hisar,Haryana,,Public,,false
PMJAY,PHC LANDHARI,Hisar,Haryana,,Public,,false
PMJAY,CHC Mirchpur,Hisar,Haryana,,Public,,false
PMJAY,PHC UMRA,Hisar,Haryana,,Public,,false
PMJAY,PHC BALSAMAND,Hisar,Haryana,,Public,,false
PMJAY,Phc Puthi Samain,Hisar,Haryana,,Public,,false
PMJAY,PHC kaimri,Hisar,Haryana,,Public,,false
PMJAY,CHC Uklana,Hisar,Haryana,,Public,,false
PMJAY,PHC BASS,Hisar,Haryana,,Public,,false
PMJAY,PHC NALWA,Hisar,Haryana,,Public,,false
PMJAY,SDCH Narnaund,Hisar,Haryana,,Public,,false
PMJAY,BALBIR CHILDREN HOSPITAL A UNIT OF BALBIR BOORA HEALTH CARE,Hisar,Haryana,,Private,,false
PMJAY,J D Jindal Hospital,Hisar,Haryana,,Private,,false
PMJAY,SARVESH HEALTH CITY,Hisar,Haryana,,Private,,false
PMJAY,RAJENDRA HOSPITAL,Hisar,Haryana,,Private,,false
PMJAY,MEYASH HOSPITAL,Hisar,Haryana,,Private,,false
PMJAY,SHREE KALI DEVI EYE AND GENERAL HOSPITALL,Hisar,Haryana,,Private,,false
PMJAY,Medicity Multispeciality Hospital And Neuro Care Center,Hisar,Haryana,,Private,,false
PMJAY,sarvodaya multispeciality and cancer hospital,Hisar,Haryana,,Private,,false
PMJAY,MANTHAN HOSPITAL,Hisar,Haryana,,Private,,false
PMJAY,UMEED HOSPITAL,Hisar,Haryana,,Private,,false
PMJAY,SURYA HOSPITAL,Hisar,Haryana,,Private,,false
PMJAY,LIFELINE INSTITUTE OF MEDICAL SCIENCES,Hisar,Haryana,,Private,,false
PMJAY,SURYAA HOSPITAL,Hisar,Haryana,,Private,,false
PMJAY,CMC HOSPITAL,Hisar,Haryana,,Private,,false
PMJAY,SHANTI DEVI GI INSTITUTE AND ADVANCED ENDOSCOPY CENTRE,Hisar,Haryana,,Private,,false
PMJAY,KHALSA HOSPITAL MANAGEMENT,Hisar,Haryana,,Private,,false
PMJAY,MAHATMA GANDHI INSTITUTE OF MEDICAL SCIENCES,Hisar,Haryana,,Private,,false
PMJAY,SATIJA HEALTH CARE,Hisar,Haryana,,Private,,false
PMJAY,Dr. Anant Ram Janta Hospital Pvt. Ltd.,Hisar,Haryana,,Private,,false
PMJAY,VIDHATA NURSING HOME,Hisar,Haryana,,Private,,false
PMJAY,DR RAM NARAIAN SONI ORTHO HOSPITAL,Hisar,Haryana,,Private,,false
PMJAY,MENON ENT HOSPITAL,Hisar,Haryana,,Private,,false
PMJAY,EYE Q VISION PVT LTD,Hisar,Haryana,,Private,,false
PMJAY,GOSWAMI HOSPITAL,Hisar,Haryana,,Private,,false
PMJAY,BHARAT MULTISPECIALITY HOSPITAL HISAR HARYANA,Hisar,Haryana,,Private,,false
PMJAY,DANI DEVI MEMORIAL EYE HOSPITAL,Hisar,Haryana,,Private,,false
PMJAY,SUBHASH NURSING HOME,Hisar,Haryana,,Private,,false
PMJAY,SHREE BALAJI HOSPITAL,Hisar,Haryana,,Private,,false
PMJAY,JEEVANSHREE HOSPITAL,Hisar,Haryana,,Private,,false
PMJAY,MALIK SUPERSPECIALITY HOSPITAL,Hisar,Haryana,,Private,,false
PMJAY,GURU JAMBHESHWAR MULTISPECIALITY HOSPITAL,Hisar,Haryana,,Private,,false
PMJAY,JANKI CHILDREN HOSPITAL,Hisar,Haryana,,Private,,false
PMJAY,Sukhda Multispeciality Hospital,Hisar,Haryana,,Private,,false
PMJAY,Garg hospital,Hisar,Haryana,,Private,,false
PMJAY,SANTOSH ADVANCE ENT HEALTHCARE,Hisar,Haryana,,Private,,false
PMJAY,LAMBA MULTISPECIALTY HOSPITAL,Hisar,Haryana,,Private,,false
PMJAY,VARDAAN HOSPITAL,Hisar,Haryana,,Private,,false
PMJAY,SINGLA MULTISPECIALITY HOSPITAL,Hisar,Haryana,,Private,,false
PMJAY,JIGYASA HOSPITAL,Hisar,Haryana,,Private,,false
PMJAY,AASTHA HOSPITAL,Hisar,Haryana,,Private,,false
PMJAY,GUPTA HOSPITAL,Hisar,Haryana,,Private,,false
PMJAY,Navjeevan Multispeciality Hospital,Hisar,Haryana,,Private,,false
PMJAY,BHALE RAM MULTISPECAILITY HOSPITAL,Hisar,Haryana,,Private,,false
PMJAY,AABHARI PLASTIC SURGERY CENTRE,Hisar,Haryana,,Private,,false
PMJAY,SHANTI MISSION HOSPITAL,Hisar,Haryana,,Private,,false
PMJAY,GEETANJALI HOPITAL,Hisar,Haryana,,Private,,false
PMJAY,SADBHAVNA HOSPITAL,Hisar,Haryana,,Private,,false
PMJAY,DELHI MULTISPECIALITY HOSPITAL,Hisar,Haryana,,Private,,false
PMJAY,SHARDA HOSPITAL,Hisar,Haryana,,Private,,false
PMJAY,SANJIVANI MULTISPECIALITY HOSPITAL,Hisar,Haryana,,Private,,false
PMJAY,JAIPUR MULTISPECIALITY CENTRE,Hisar,Haryana,,Private,,false
PMJAY,SAPRA MULTISPECIALITY HOSPITAL,Hisar,Haryana,,Private,,false
PMJAY,MAAN EYE HOSPITAL,Hisar,Haryana,,Private,,false
PMJAY,SONI BURN AND PLADTIC SURGERY HOSPITAL,Hisar,Haryana,,Private,,false
PMJAY,SONAKSHI CHILDREN HOSPITAL,Hisar,Haryana,,Private,,false
PMJAY,MRS PRANAMI HOSPITAL,Hisar,Haryana,,Private,,false
PMJAY,SADBHAVNA MULTISPECIALITY HOSPITAL,Hisar,Haryana,,Private,,false
PMJAY,AAROGYA HOSPITAL,Hisar,Haryana,,Private,,false
PMJAY,AABHAR MULTISPECIALITY HOSPITAL,Hisar,Haryana,,Private,,false
PMJAY,GOBIND NURSING HOME,Hisar,Haryana,,Private,,false
PMJAY,SINGLA MEDICAL CENTER,Hisar,Haryana,,Private,,false
PMJAY,AMANDEEP HOSPITAL,Hisar,Haryana,,Private,,false
PMJAY,NATIONAL HOSPITAL,Hisar,Haryana,,Private,,false
PMJAY,RAVINDRA NEONATAL HOSPITAL PVT LTD,Hisar,Haryana,,Private,,false
PMJAY,RAHEJA HOSPITAL,Hisar,Haryana,,Private,,false
PMJAY,MALIK HOSPITAL,Hisar,Haryana,,Private,,false
PMJAY,DIVYDEEP,Hisar,Haryana,,Private,,false
PMJAY,ORTHOMED HOSPITAL A UNIT OF ORTHOMED HEALTHCARE PVT LTD,Hisar,Haryana,,Private,,false
PMJAY,CITY HOSPITAL,Hisar,Haryana,,Private,,false
PMJAY,AAKASH HOSPITAL,Hisar,Haryana,,Private,,false
PMJAY,Arora Orthopaedic Hospital,Hisar,Haryana,,Private,,false
PMJAY,Ravindra Hospital and Heart Centre,Hisar,Haryana,,Private,,false
PMJAY,SAI HOSPITAL,Hisar,Haryana,,Private,,false
PMJAY,VK neurocare and trauma research hospital,Hisar,Haryana,,Private,,false
PMJAY,CHHABILDAS MEMORIAL HOSPITAL,Hisar,Haryana,,Private,,false
PMJAY,green tree hospital a unit of ram health care,Hisar,Haryana,,Private,,false
PMJAY,SHAKTI NEURO SCIENCE CENTRE,Hisar,Haryana,,Private,,false
PMJAY,SL MINDA MEMORIAL HOSPITAL,Hisar,Haryana,,Private,,false
PMJAY,GINNI ORTHOPAEDIC CENTRE,Hisar,Haryana,,Private,,false
PMJAY,Chawla Nursing Home,Hisar,Haryana,,Private,,false
PMJAY,JAIN ORTHOPAEDIC HOSPITAL,Hisar,Haryana,,Private,,false
PMJAY,SEWAK SABHA CHARITABLE TRUST HOSPITAL,Hisar,Haryana,,Private,,false
PMJAY,Jawa Child Care Centre,Hisar,Haryana,,Private,,false
PMJAY,Aadhar Health Institute,Hisar,Haryana,,Private,,false
PMJAY,HOLY HOSPITAL,Hisar,Haryana,,Private,,false
PMJAY,GANGA HOSPITAL FOR SPECIAL SURGERY,Hisar,Haryana,,Private,,false
PMJAY,SAANVI HOSPITAL,Hisar,Haryana,,Private,,false
PMJAY,primary health center,Jhajjar,Haryana,,Public,,false
PMJAY,Matanhail PHC,Jhajjar,Haryana,,Public,,false
PMJAY,PHC KANONDA,Jhajjar,Haryana,,Public,,false
PMJAY,CHC Dubaldhan,Jhajjar,Haryana,,Public,,false
PMJAY,Civil Hospital Bahadurgarh Jhajjar,Jhajjar,Haryana,,Public,,false
PMJAY,PHC SILANI,Jhajjar,Haryana,,Public,,false
PMJAY,CHC CHHARA,Jhajjar,Haryana,,Public,,false
PMJAY,Community Health Center Badli,Jhajjar,Haryana,,Public,,false
PMJAY,PHC MACHHROLI,Jhajjar,Haryana,,Public,,false
PMJAY,PHC Salhawas,Jhajjar,Haryana,,Public,,false
PMJAY,PHC BIROHAR,Jhajjar,Haryana,,Public,,false
PMJAY,PHC Jahazgarh,Jhajjar,Haryana,,Public,,false
PMJAY,Phc chhuchhakwas,Jhajjar,Haryana,,Public,,false
PMJAY,CHC DIGHAL,Jhajjar,Haryana,,Public,,false
PMJAY,PHC Jahangirpur,Jhajjar,Haryana,,Public,,false
PMJAY,PHC PATAUDA,Jhajjar,Haryana,,Public,,false
PMJAY,CHC Dhakla,Jhajjar,Haryana,,Public,,false
PMJAY,SDH Beri,Jhajjar,Haryana,,Public,,false
PMJAY,CIVIL HOSPITAL JHAJJAR,Jhajjar,Haryana,,Public,,false
PMJAY,chc jamalpur,Jhajjar,Haryana,,Public,,false
PMJAY,OMKAR MULTISPECIALITY HOSPITAL,Jhajjar,Haryana,,Private,,false
PMJAY,MAHARAJA AGRASEN SAT NARAIN GUPTA HOSPITAL,Jhajjar,Haryana,,Private,,false
PMJAY,AASTHA HOSPITAL,Jhajjar,Haryana,,Private,,false
PMJAY,RAJVIR EYE HOSPITAL,Jhajjar,Haryana,,Private,,false
PMJAY,ADIYOGI AROGYA AVENUE,Jhajjar,Haryana,,Private,,false
PMJAY,SWASTIK HOSPITAL,Jhajjar,Haryana,,Private,,false
PMJAY,JJ INSTITUTE OF MEDICAL SCIENCES PVT.LTD,Jhajjar,Haryana,,Private,,false
PMJAY,GOODNESS HOSPITAL,Jhajjar,Haryana,,Private,,false
PMJAY,AASHIRWAD MULTISPECIALITY HOSPITAL AND TRAUMA CENTRE,Jhajjar,Haryana,,Private,,false
PMJAY,SANJIVANI HOSPITAL,Jhajjar,Haryana,,Private,,false
PMJAY,OSCAR SUPERSPECIALITY HOSPITAL & TRAUMA CENTER PVT LTD,Jhajjar,Haryana,,Private,,false
PMJAY,SHREE SHYAM JI HOSPITAL,Jhajjar,Haryana,,Private,,false
PMJAY,BRAHM SHAKTI SANJIVANI SUPER SPECIIALITY HOSPITAL,Jhajjar,Haryana,,Private,,false
PMJAY,SANSKARAM HOSPITAL AND TRAUMA CENTER,Jhajjar,Haryana,,Private,,false
PMJAY,EYE Q VISION PVT LTD,Jhajjar,Haryana,,Private,,false
PMJAY,R J SUPER SPECIALITY HOSPITAL,Jhajjar,Haryana,,Private,,false
PMJAY,AAYUSHMAN MULTISPECIALITY HOSPITAL & TRAUMA CENTRE,Jhajjar,Haryana,,Private,,false
PMJAY,RATHI EYE HOSPITAL OPC PRIVATE LIMITED,Jhajjar,Haryana,,Private,,false
PMJAY,SWASTHYA MULTISPECIALITY HOSPITAL PVT. LTD.,Jhajjar,Haryana,,Private,,false
PMJAY,MEDICARE SUPERSPECIALITY HOSPITAL AND TRAUMA CENTRE A UNIT OF COMFORTPLUS,Jhajjar,Haryana,,Private,,false
PMJAY,WORLD COLLEGE OF MEDICAL SCIENCES AND RESEARCH AND HOSPITAL,Jhajjar,Haryana,,Private,,false
PMJAY,DIWAN HOSPITAL,Jhajjar,Haryana,,Private,,false
PMJAY,RS GAUR GLOBAL MULTISPECIALITY HOSPITAL PVT LTD,Jhajjar,Haryana,,Private,,false
PMJAY,SHIVAM HOSPITAL UNIT OF R R HOSPITALS PVT LTD,Jhajjar,Haryana,,Private,,false
PMJAY,ADVANTA SUPER SPECIALITY HOSPITAL,Jhajjar,Haryana,,Private,,false
PMJAY,SANGWAN HOSPITAL,Jhajjar,Haryana,,Private,,false
PMJAY,NOBLECARE SUPERSPECIALITY HOSPITAL & TRAUMA CENTER,Jhajjar,Haryana,,Private,,false
PMJAY,DR. SANJAY MULTI SPECIALITY HOSPITAL PVT. LTD.,Jhajjar,Haryana,,Private,,false
PMJAY,7 Med India,Jhajjar,Haryana,,Private,,false
PMJAY,DDK GLOBAL HOSPITAL,Jhajjar,Haryana,,Private,,false
PMJAY,Ashakiran Hospital,Jhajjar,Haryana,,Private,,false
PMJAY,DELHI HOAPITAL AND NURSING HOME,Jhajjar,Haryana,,Private,,false
PMJAY,PHC DHANOURI,Jind,Haryana,,Public,,false
PMJAY,CHC DANODA KALAN,Jind,Haryana,,Public,,false
PMJAY,PHC KARAMGARH,Jind,Haryana,,Public,,false
PMJAY,PHC DUMERKHA,Jind,Haryana,,Public,,false
PMJAY,PHC SHAMLO KALAN,Jind,Haryana,,Public,,false
PMJAY,CH UCHANA,Jind,Haryana,,Public,,false
PMJAY,CHC KHARAKRAMJI JIND,Jind,Haryana,,Public,,false
PMJAY,SC LAJWANA KALAN,Jind,Haryana,,Public,,false
PMJAY,PHC AMARGARH,Jind,Haryana,,Public,,false
PMJAY,PHC UCHANA KHURD,Jind,Haryana,,Public,,false
PMJAY,PHC NIDANA,Jind,Haryana,,Public,,false
PMJAY,PHC DHAMTAN SAHIB,Jind,Haryana,,Public,,false
PMJAY,PHC DARIYAWALA,Jind,Haryana,,Public,,false
PMJAY,CHC KANDELA,Jind,Haryana,,Public,,false
PMJAY,PHC Durjanpur,Jind,Haryana,,Public,,false
PMJAY,PHC NAGURAN,Jind,Haryana,,Public,,false
PMJAY,PHC RAMRAI,Jind,Haryana,,Public,,false
PMJAY,PHC Sinser,Jind,Haryana,,Public,,false
PMJAY,SDCH NARWANA,Jind,Haryana,,Public,,false
PMJAY,SDH SAFIDON,Jind,Haryana,,Public,,false
PMJAY,UPHC1 APOLLO ROAD JIND,Jind,Haryana,,Public,,false
PMJAY,UPHC 2 BUDA BABA BASTI JIND,Jind,Haryana,,Public,,false
PMJAY,CHC KALWA,Jind,Haryana,,Public,,false
PMJAY,PHC HATT,Jind,Haryana,,Public,,false
PMJAY,PHC KINANA,Jind,Haryana,,Public,,false
PMJAY,COMMUNITY HEALTH CENTRE UJHANA,Jind,Haryana,,Public,,false
PMJAY,PHC RAJANA KALAN,Jind,Haryana,,Public,,false
PMJAY,DISTRICT HOSPITAL,Jind,Haryana,,Public,,false
PMJAY,PHC CHATTER,Jind,Haryana,,Public,,false
PMJAY,PHC GHOGHRIAN,Jind,Haryana,,Public,,false
PMJAY,PHC DAHOLA,Jind,Haryana,,Public,,false
PMJAY,PHC SIWANA MAL,Jind,Haryana,,Public,,false
PMJAY,PHC JAIJAIWANTI,Jind,Haryana,,Public,,false
PMJAY,POLYCLINIC SECTOR 8 JIND,Jind,Haryana,,Public,,false
PMJAY,COMMUNITY HEALTH CENTER JIND,Jind,Haryana,,Public,,false
PMJAY,CHC JULANA,Jind,Haryana,,Public,,false
PMJAY,PHC Karsindhu,Jind,Haryana,,Public,,false
PMJAY,COMMUNITY HEALTH CENTER ALEWA,Jind,Haryana,,Public,,false
PMJAY,UROCARE SARDAR SINGH UROLOGY CENTRE AND STONE CLINIC,Jind,Haryana,,Private,,false
PMJAY,SARASWATI EYE CARE CENTRE,Jind,Haryana,,Private,,false
PMJAY,AASTHA HOSPITAL & MATERNITY CENTER,Jind,Haryana,,Private,,false
PMJAY,NARAYANA HOSPITAL,Jind,Haryana,,Private,,false
PMJAY,AASTHA HOSPITAL,Jind,Haryana,,Private,,false
PMJAY,SHREE GYANI RAM MEMORIAL HOSPITAL,Jind,Haryana,,Private,,false
PMJAY,MEENAKSHI JAIN HOSPITAL,Jind,Haryana,,Private,,false
PMJAY,MAHARISHI VASHISTH HOSPITAL,Jind,Haryana,,Private,,false
PMJAY,SARVODYA HOSPITAL JIND,Jind,Haryana,,Private,,false
PMJAY,MANGLA HOSPITAL,Jind,Haryana,,Private,,false
PMJAY,BAL DHARAMARTH HOSPITAL SAMITI,Jind,Haryana,,Private,,false
PMJAY,SHARMA EYE HOSPITAL,Jind,Haryana,,Private,,false
PMJAY,MITTAL EYE HOSPITAL,Jind,Haryana,,Private,,false
PMJAY,Goel Orthopaedic Centre,Jind,Haryana,,Private,,false
PMJAY,METRO JIND HOSPITAL & ICU,Jind,Haryana,,Private,,false
PMJAY,KHARB HOSPITAL,Jind,Haryana,,Private,,false
PMJAY,RAJ HOSPITAL,Jind,Haryana,,Private,,false
PMJAY,Manoj Orthopaedic and Maternity Hospital,Jind,Haryana,,Private,,false
PMJAY,Community Health Center Kalayat,Kaithal,Haryana,,Public,,false
PMJAY,PHC HABRI,Kaithal,Haryana,,Public,,false
PMJAY,CIVIL HOSPITAL GUHLA,Kaithal,Haryana,,Public,,false
PMJAY,phc keorak,Kaithal,Haryana,,Public,,false
PMJAY,PHC DEOBAN,Kaithal,Haryana,,Public,,false
PMJAY,Phc Mundri,Kaithal,Haryana,,Public,,false
PMJAY,District civil hospital kaithal,Kaithal,Haryana,,Public,,false
PMJAY,PHC KHARKAN,Kaithal,Haryana,,Public,,false
PMJAY,CHC Kaul,Kaithal,Haryana,,Public,,false
PMJAY,COMMUNITY HEALTH CENTER PUNDRI,Kaithal,Haryana,,Public,,false
PMJAY,CHC RAJOUND,Kaithal,Haryana,,Public,,false
PMJAY,CH Siwan,Kaithal,Haryana,,Public,,false
PMJAY,PHC PADLA,Kaithal,Haryana,,Public,,false
PMJAY,PHC KANGTHALI,Kaithal,Haryana,,Public,,false
PMJAY,PHC BHAGAL,Kaithal,Haryana,,Public,,false
PMJAY,JAIPUR HOSPITAL,Kaithal,Haryana,,Private,,false
PMJAY,JAIN HOSPITAL,Kaithal,Haryana,,Private,,false
PMJAY,JANTA MULTISPECIALITY HOSPITAL,Kaithal,Haryana,,Private,,false
PMJAY,ASHIRWAD MATERNITY & INFERTILITY HOSPITAL,Kaithal,Haryana,,Private,,false
PMJAY,JINDAL ORTHO SURGICAL & DENTAL HOSPITAL,Kaithal,Haryana,,Private,,false
PMJAY,KANSAL.HOSPITAL,Kaithal,Haryana,,Private,,false
PMJAY,LORD RAMA SUPERSPECIALITY HOSPITAL,Kaithal,Haryana,,Private,,false
PMJAY,OM MULTISPECIALITY HOSPITAL & TRAUMA CENTER,Kaithal,Haryana,,Private,,false
PMJAY,MITTAL SURGICAL AND MATERNITY HOSPITAL,Kaithal,Haryana,,Private,,false
PMJAY,DEV NURSING HOME,Kaithal,Haryana,,Private,,false
PMJAY,LIFE CARE HOSPITAL,Kaithal,Haryana,,Private,,false
PMJAY,KIRTI HOSPITAL,Kaithal,Haryana,,Private,,false
PMJAY,SOOD HOSPITAL,Kaithal,Haryana,,Private,,false
PMJAY,GUPTA MULTI SPECIALITY HOSPITAL,Kaithal,Haryana,,Private,,false
PMJAY,SHRI JAI PARKASH HOSPITAL,Kaithal,Haryana,,Private,,false
PMJAY,ALL CURE MEHTA HOSPITAL,Kaithal,Haryana,,Private,,false
PMJAY,Shah Hospital,Kaithal,Haryana,,Private,,false
PMJAY,PHC GAGSINA,Karnal,Haryana,,Public,,false
PMJAY,CHC KUNJPURA,Karnal,Haryana,,Public,,false
PMJAY,PHC BAROTA,Karnal,Haryana,,Public,,false
PMJAY,PHC POPRA,Karnal,Haryana,,Public,,false
PMJAY,KALPANA CHAWLA GOVERNMENT MEDICAL COLLEGE,Karnal,Haryana,,Public,,false
PMJAY,CHC NISSING,Karnal,Haryana,,Public,,false
PMJAY,PHC KACHHWA,Karnal,Haryana,,Public,,false
PMJAY,PHC KUTAIL,Karnal,Haryana,,Public,,false
PMJAY,CHC Ballah,Karnal,Haryana,,Public,,false
PMJAY,NIGDHU CHC,Karnal,Haryana,,Public,,false
PMJAY,PHC JUNDLA,Karnal,Haryana,,Public,,false
PMJAY,PHC GHEER,Karnal,Haryana,,Public,,false
PMJAY,PHC JALMANA,Karnal,Haryana,,Public,,false
PMJAY,Civil Hospital Karnal,Karnal,Haryana,,Public,,false
PMJAY,PHC KHUKHNI,Karnal,Haryana,,Public,,false
PMJAY,CHC SAMBHLI,Karnal,Haryana,,Public,,false
PMJAY,CHC Taraori,Karnal,Haryana,,Public,,false
PMJAY,PHC Salwan,Karnal,Haryana,,Public,,false
PMJAY,SDH Nilokheri,Karnal,Haryana,,Public,,false
PMJAY,PHC BARSAT,Karnal,Haryana,,Public,,false
PMJAY,PHC CHAURA,Karnal,Haryana,,Public,,false
PMJAY,CHC INDRI,Karnal,Haryana,,Public,,false
PMJAY,PHC SAGGA,Karnal,Haryana,,Public,,false
PMJAY,PHC Madhuban,Karnal,Haryana,,Public,,false
PMJAY,PHC Bhadson,Karnal,Haryana,,Public,,false
PMJAY,CHC Gharaunda,Karnal,Haryana,,Public,,false
PMJAY,SDH Assandh,Karnal,Haryana,,Public,,false
PMJAY,DR KC SACHDEVA HOSPITAL,Karnal,Haryana,,Private,,false
PMJAY,AMAR HOSPITAL,Karnal,Haryana,,Private,,false
PMJAY,MEDLINE HOSPITAL,Karnal,Haryana,,Private,,false
PMJAY,PARK HOSPITAL A UNIT OF DMR HOSPITALS PVT LTD,Karnal,Haryana,,Private,,false
PMJAY,BHATIA ORTHOPAEDIC CENTRE KARNAL,Karnal,Haryana,,Private,,false
PMJAY,SHREE HARI HOSPITAL,Karnal,Haryana,,Private,,false
PMJAY,NP RAWAL HOSPITALS PRIVATE LIMITED,Karnal,Haryana,,Private,,false
PMJAY,DUA MULTI SPECIALTY HOSPITAL,Karnal,Haryana,,Private,,false
PMJAY,BHATNAGAR EYE CARE CENTRE,Karnal,Haryana,,Private,,false
PMJAY,MIGLANI NURSING HOME,Karnal,Haryana,,Private,,false
PMJAY,Rohit Kathpalia Urology Center,Karnal,Haryana,,Private,,false
PMJAY,SUSHIL GARG HOSPITAL,Karnal,Haryana,,Private,,false
PMJAY,HARYANA NURSING HOME,Karnal,Haryana,,Private,,false
PMJAY,UTTAM CLINIC CUM HOSPITAL,Karnal,Haryana,,Private,,false
PMJAY,DR DHARAM DEV MEMORIAL HOSPITAL,Karnal,Haryana,,Private,,false
PMJAY,SANJIV BANSAL CYGNUS HOSPITAL,Karnal,Haryana,,Private,,false
PMJAY,Shri Sanatan Dharam Mahabir Dal Hospital,Karnal,Haryana,,Private,,false
PMJAY,SHRI SHYAM MULTISPECIALITY HOSPITAL,Karnal,Haryana,,Private,,false
PMJAY,SH MOOLCHAND KIDNEY HOSPITAL AND UROLOGICAL INSTITUTE,Karnal,Haryana,,Private,,false
PMJAY,SATYAM HOSPITAL,Karnal,Haryana,,Private,,false
PMJAY,ARVIND HOSPITAL,Karnal,Haryana,,Private,,false
PMJAY,ARPANA HOSPITAL,Karnal,Haryana,,Private,,false
PMJAY,GLOBAL CRADLE HOSPITAL,Karnal,Haryana,,Private,,false
PMJAY,GURUNANAK MULTISPECIALITY HOSPITAL,Karnal,Haryana,,Private,,false
PMJAY,DR. GIAN BHUSHAN NURSING HOME,Karnal,Haryana,,Private,,false
PMJAY,THAKUR HOSPITAL,Karnal,Haryana,,Private,,false
PMJAY,THAKUR EYE AND MATERNITY HOSPITAL,Karnal,Haryana,,Private,,false
PMJAY,VIRK HOSPITAL PVT LTD,Karnal,Haryana,,Private,,false
PMJAY,SHRI ATAM MANOHAR JAIN CHARITABLE HOSPITAL,Karnal,Haryana,,Private,,false
PMJAY,ARORA EYE AND LASIK LASER CENTRE,Karnal,Haryana,,Private,,false
PMJAY,SURYA HOSPITAL,Karnal,Haryana,,Private,,false
PMJAY,OM HOSPITAL,Karnal,Haryana,,Private,,false
PMJAY,SETH HOSPITAL,Karnal,Haryana,,Private,,false
PMJAY,VINAYAK HEART CARE HOSPITAL,Karnal,Haryana,,Private,,false
PMJAY,DR.RISHI EYE INSTITUTE,Karnal,Haryana,,Private,,false
PMJAY,Rama Superspeciality and Critical Care Hospital,Karnal,Haryana,,Private,,false
PMJAY,SHRI RAM CHAND MEMORIAL HOSPITAL PVT. LTD.,Karnal,Haryana,,Private,,false
PMJAY,Saraswati nethralaya,Karnal,Haryana,,Private,,false
PMJAY,GAJRAJ HOSPITAL,Karnal,Haryana,,Private,,false
PMJAY,AMRITDHARA MY HOSPITAL,Karnal,Haryana,,Private,,false
PMJAY,Guru Nanak Hospital,Karnal,Haryana,,Private,,false
PMJAY,MIMANI HOSPITAL,Karnal,Haryana,,Private,,false
PMJAY,KARNAL MEDICAL CENTRE,Karnal,Haryana,,Private,,false
PMJAY,PRP Hospital Kidney Centre & Blood Bank,Karnal,Haryana,,Private,,false
PMJAY,haryana hospital,Karnal,Haryana,,Private,,false
PMJAY,JAGDAMBA BABY CARE CENTRE,Karnal,Haryana,,Private,,false
PMJAY,AASHIRWAD ADVANCED HEART LUNG AND CRITICAL CARE CENTRE,Karnal,Haryana,,Private,,false
PMJAY,PARAS NURSING HOME,Karnal,Haryana,,Private,,false
PMJAY,BALAJI HOSPITAL,Karnal,Haryana,,Private,,false
PMJAY,PRIMARY HEALTH CENTER PIPLI,Kurukshetra,Haryana,,Public,,false
PMJAY,PRIMARY HEALTH CENTRE KALSANA,Kurukshetra,Haryana,,Public,,false
PMJAY,PRIMARY HEALTH CENTRE,Kurukshetra,Haryana,,Public,,false
PMJAY,PRIMARY HEALTH CENTER,Kurukshetra,Haryana,,Public,,false
PMJAY,PRIMARY HEALTH CENTRE RAMGARH ROR,Kurukshetra,Haryana,,Public,,false
PMJAY,PRIMARY HEALTH CENTER GUDHA,Kurukshetra,Haryana,,Public,,false
PMJAY,Polyclinic sector4,Kurukshetra,Haryana,,Public,,false
PMJAY,PHC AMIN,Kurukshetra,Haryana,,Public,,false
PMJAY,PHC Khanpur Kolian,Kurukshetra,Haryana,,Public,,false
PMJAY,Community Health Center Ladwa,Kurukshetra,Haryana,,Public,,false
PMJAY,Phc Ismailabad,Kurukshetra,Haryana,,Public,,false
PMJAY,UPHC Krishna Nagar Gamri,Kurukshetra,Haryana,,Public,,false
PMJAY,CHC BABAIN,Kurukshetra,Haryana,,Public,,false
PMJAY,community health center,Kurukshetra,Haryana,,Public,,false
PMJAY,CHC MATHANA,Kurukshetra,Haryana,,Public,,false
PMJAY,LNJPCIVILHOSPIAL,Kurukshetra,Haryana,,Public,,false
PMJAY,CHC Barna,Kurukshetra,Haryana,,Public,,false
PMJAY,PHC DEEG,Kurukshetra,Haryana,,Public,,false
PMJAY,CHC Pehowa,Kurukshetra,Haryana,,Public,,false
PMJAY,Phcthol,Kurukshetra,Haryana,,Public,,false
PMJAY,PHC SIANA SAIDAN,Kurukshetra,Haryana,,Public,,false
PMJAY,Phc Tatka,Kurukshetra,Haryana,,Public,,false
PMJAY,CHC Shahabad,Kurukshetra,Haryana,,Public,,false
PMJAY,Primary health centre Kirmach,Kurukshetra,Haryana,,Public,,false
PMJAY,MIRI PIRI INSTITUTE OF MEDICAL SCIENCES AND RESEARCH,Kurukshetra,Haryana,,Private,,false
PMJAY,SANT ISHAR SINGH GENERAL & MULTISPECIALITY HOSPITAL,Kurukshetra,Haryana,,Private,,false
PMJAY,VARDHA HEALTHCARE MULTISPECIALITY NURSING HOMEPrivate drlallersanjeev@gmail.com Shivam 9034588388 28 HOSP6P03747 PAWAN SURGICAL HOSPITAL,Kurukshetra,Haryana,,Private,,false
PMJAY,SARASWATI MISSION HOSPITAL,Kurukshetra,Haryana,,Private,,false
PMJAY,DR JAIN NEUROCARE AND MULTISPECIALITY HOSPITAL,Kurukshetra,Haryana,,Private,,false
PMJAY,SHRI NARAYAN HEART & MULTISPECIALITY HOSPITAL,Kurukshetra,Haryana,,Private,,false
PMJAY,KURUKSHETRA NURSING HOME,Kurukshetra,Haryana,,Private,,false
PMJAY,P D MEMORIAL CHAUHAN EYE AND MATERNITY HOSPITAL,Kurukshetra,Haryana,,Private,,false
PMJAY,AGARWAL NURSING HOME,Kurukshetra,Haryana,,Private,,false
PMJAY,Shri Balaji Aarogyam Hospital,Kurukshetra,Haryana,,Private,,false
PMJAY,ANAND ORTHOPAEDIC CENTRE,Kurukshetra,Haryana,,Private,,false
PMJAY,MANJU NURSING HOME,Kurukshetra,Haryana,,Private,,false
PMJAY,S MEHTA SURGICAL AND MATERNITY,Kurukshetra,Haryana,,Private,,false
PMJAY,VERMA HOSPITAL,Kurukshetra,Haryana,,Private,,false
PMJAY,NAND LAL HOSPITAL,Kurukshetra,Haryana,,Private,,false
PMJAY,Hayer Hospital,Kurukshetra,Haryana,,Private,,false
PMJAY,BHASKAR HOSPITAL,Kurukshetra,Haryana,,Private,,false
PMJAY,VAID SADHU RAM MEMORIAL NAME,Kurukshetra,Haryana,,Private,,false
PMJAY,SAINI EYE CARE CENTRE,Kurukshetra,Haryana,,Private,,false
PMJAY,KAMBOJ HOSPITAL,Kurukshetra,Haryana,,Private,,false
PMJAY,ADESH MEDICAL COLLEGE AND HOSPITAL,Kurukshetra,Haryana,,Private,,false
PMJAY,SONI ORTHOPEDIC HOSPITAL,Kurukshetra,Haryana,,Private,,false
PMJAY,Nagpal Multispeciality Hospital,Kurukshetra,Haryana,,Private,,false
PMJAY,APNA HOSPITAL,Kurukshetra,Haryana,,Private,,false
PMJAY,Life Care Hospital,Kurukshetra,Haryana,,Private,,false
PMJAY,SOBTI NURSING HOME,Kurukshetra,Haryana,,Private,,false
PMJAY,HARYANA MULTISPECIALITY HOSPITAL,Kurukshetra,Haryana,,Private,,false
PMJAY,RADHAKISHAN HOSPITAL,Kurukshetra,Haryana,,Private,,false
PMJAY,New Apna hospital house number 163& red road kkr,Kurukshetra,Haryana,,Private,,false
PMJAY,VIRK HOSPITAL,Kurukshetra,Haryana,,Private,,false
PMJAY,BS HEART CARE AND MULTISPECIALITY HOSPITAL,Kurukshetra,Haryana,,Private,,false
PMJAY,SIMSS HOSPITAL KURUKSHETRA,Kurukshetra,Haryana,,Private,,false
PMJAY,Balaji Hospital &trauma centre,Kurukshetra,Haryana,,Private,,false
PMJAY,SHRI GURU NANAK DEV CHARITABLE EYE & DENTAL HOSPITAL,Kurukshetra,Haryana,,Private,,false
PMJAY,SUNITA NURSING HOME,Kurukshetra,Haryana,,Private,,false
PMJAY,Dr VEENA CHOWDHARY FOUNDATION EYE HOSPITAL,Kurukshetra,Haryana,,Private,,false
PMJAY,DR LALIT ENT CARE CENTRE,Kurukshetra,Haryana,,Private,,false
PMJAY,LADWA HOSPITAL,Kurukshetra,Haryana,,Private,,false
PMJAY,CHC Dochana,Mahendergarh,Haryana,,Public,,false
PMJAY,CHC Nangal Choudhary,Mahendergarh,Haryana,,Public,,false
PMJAY,CHC NANGAL SIROHI,Mahendergarh,Haryana,,Public,,false
PMJAY,phc bigopur,Mahendergarh,Haryana,,Public,,false
PMJAY,PHC Sirohi Bahali,Mahendergarh,Haryana,,Public,,false
PMJAY,PHC Mundia Khera,Mahendergarh,Haryana,,Public,,false
PMJAY,DISTT CIVIL HOSPITAL,Mahendergarh,Haryana,,Public,,false
PMJAY,CHC ATELI,Mahendergarh,Haryana,,Public,,false
PMJAY,PHC RAMPURA,Mahendergarh,Haryana,,Public,,false
PMJAY,CHC KANINA,Mahendergarh,Haryana,,Public,,false
PMJAY,CHC SEHLANG,Mahendergarh,Haryana,,Public,,false
PMJAY,MALRABASS,Mahendergarh,Haryana,,Public,,false
PMJAY,PHC ANTRI,Mahendergarh,Haryana,,Public,,false
PMJAY,PHC DHANONDA,Mahendergarh,Haryana,,Public,,false
PMJAY,PHC CHILLRO,Mahendergarh,Haryana,,Public,,false
PMJAY,Primary health center Bayal,Mahendergarh,Haryana,,Public,,false
PMJAY,PHC Bamanwas,Mahendergarh,Haryana,,Public,,false
PMJAY,CHC SATNALI,Mahendergarh,Haryana,,Public,,false
PMJAY,PHC BUDHWAL,Mahendergarh,Haryana,,Public,,false
PMJAY,Primary Health Centre,Mahendergarh,Haryana,,Public,,false
PMJAY,PHC BHOJAWAS,Mahendergarh,Haryana,,Public,,false
PMJAY,SDH Mahendragarh,Mahendergarh,Haryana,,Public,,false
PMJAY,PHC MANDHANA,Mahendergarh,Haryana,,Public,,false
PMJAY,PHC Balaha kalan,Mahendergarh,Haryana,,Public,,false
PMJAY,PHC Madhogarh,Mahendergarh,Haryana,,Public,,false
PMJAY,PHC Sihma,Mahendergarh,Haryana,,Public,,false
PMJAY,PHC Dongra Ahir,Mahendergarh,Haryana,,Public,,false
PMJAY,PHC Bachhod,Mahendergarh,Haryana,,Public,,false
PMJAY,PHC KANTI,Mahendergarh,Haryana,,Public,,false
PMJAY,GETWELL HOSPITAL,Mahendergarh,Haryana,,Private,,false
PMJAY,MAYAWATI HOSPITAL,Mahendergarh,Haryana,,Private,,false
PMJAY,SAMVEDNA HOSOITAL,Mahendergarh,Haryana,,Private,,false
PMJAY,MURARI HOSPITAL & IVF CENTRE,Mahendergarh,Haryana,,Private,,false
PMJAY,KELA DEVI HOSPITAL,Mahendergarh,Haryana,,Private,,false
PMJAY,YADAV ORTHO AND MULTISPECIALITY HOSPITAL,Mahendergarh,Haryana,,Private,,false
PMJAY,GOYAL NETRA CHIKITSHALAY,Mahendergarh,Haryana,,Private,,false
PMJAY,PRATAP HOSPITAL,Mahendergarh,Haryana,,Private,,false
PMJAY,Govind Netralya,Mahendergarh,Haryana,,Private,,false
PMJAY,CHAUHAN EYE HOSPITAL,Mahendergarh,Haryana,,Private,,false
PMJAY,LAXMI NARAYAN HOSPITAL,Mahendergarh,Haryana,,Private,,false
PMJAY,MAHADEV HOSPITAL,Mahendergarh,Haryana,,Private,,false
PMJAY,BANSAL EYE CARE HOSPITAL,Mahendergarh,Haryana,,Private,,false
PMJAY,SHANTI HOSPITAL,Mahendergarh,Haryana,,Private,,false
PMJAY,SINGHAL MEDICAL SURGICAL & MATERNITY CENTRE,Mahendergarh,Haryana,,Private,,false
PMJAY,C B M HEALTH CARE,Mahendergarh,Haryana,,Private,,false
PMJAY,POOJA HOSPITAL NARNAUL,Mahendergarh,Haryana,,Private,,false
PMJAY,SPARSH HOSPITAL,Mahendergarh,Haryana,,Private,,false
PMJAY,IMRAN ENT HOSPITAL,Mahendergarh,Haryana,,Private,,false
PMJAY,JAIPUR HEART & GENERAL HOSPITAL,Mahendergarh,Haryana,,Private,,false
PMJAY,RAINBOW MULTISPECIALITY HOSPITAL AND TRAUMA CENTRE,Mahendergarh,Haryana,,Private,,false
PMJAY,SHEELA MULTISPECIALITY HOSPITAL AND TRAUMA CENTRE,Mahendergarh,Haryana,,Private,,false
PMJAY,KRISHNAHOSPITALNARNAUL,Mahendergarh,Haryana,,Private,,false
PMJAY,SHRI ARVIND HEART AND MULTISPECIALITY HOSPITAL,Mahendergarh,Haryana,,Private,,false
PMJAY,KRISHNA EYE HOSPITAL,Mahendergarh,Haryana,,Private,,false
PMJAY,AGARWAL NURSING HOME & ALFA DIAGNOSTIC CENTRE,Mahendergarh,Haryana,,Private,,false
PMJAY,OM HOSPITAL,Mahendergarh,Haryana,,Private,,false
PMJAY,SAVITRI DEVI EYE HOSPITAL,Mahendergarh,Haryana,,Private,,false
PMJAY,GANGA DEVI PANDEY EYE HOSPITAL,Mahendergarh,Haryana,,Private,,false
PMJAY,AL AAFIA CIVIL HOSPITAL MANDIKHERA,Mewat,Haryana,,Public,,false
PMJAY,PHC SUDAKA,Mewat,Haryana,,Public,,false
PMJAY,PHC NOHAMMADPUR AHIR,Mewat,Haryana,,Public,,false
PMJAY,PHC JAMALGARH,Mewat,Haryana,,Public,,false
PMJAY,PHC UJINA,Mewat,Haryana,,Public,,false
PMJAY,PHC,Mewat,Haryana,,Public,,false
PMJAY,PHC MARORA,Mewat,Haryana,,Public,,false
PMJAY,PHC NAGINA,Mewat,Haryana,,Public,,false
PMJAY,PHC BAI,Mewat,Haryana,,Public,,false
PMJAY,PHC BIWAN,Mewat,Haryana,,Public,,false
PMJAY,PHC JAURASI,Mewat,Haryana,,Public,,false
PMJAY,CHC TAORU,Mewat,Haryana,,Public,,false
PMJAY,PHC KALIYAKA,Mewat,Haryana,,Public,,false
PMJAY,COMMUNITY HEALTH CENTER NUH,Mewat,Haryana,,Public,,false
PMJAY,PHC BISRU,Mewat,Haryana,,Public,,false
PMJAY,PHC PUNHANA,Mewat,Haryana,,Public,,false
PMJAY,PHC SINGAR,Mewat,Haryana,,Public,,false
PMJAY,CHC FIROJPUR JHIRKA,Mewat,Haryana,,Public,,false
PMJAY,CHC PUNHANA,Mewat,Haryana,,Public,,false
PMJAY,CHC PINAGWAN,Mewat,Haryana,,Public,,false
PMJAY,Shaheed Hasan Khan Mewati Government Medical College,Mewat,Haryana,,Public,,false
PMJAY,FAMILY HOSPITAL AND SURGICAL CENTRE,Mewat,Haryana,,Private,,false
PMJAY,Devansh Hospital,Mewat,Haryana,,Private,,false
PMJAY,MALIK HOSPITAL,Mewat,Haryana,,Private,,false
PMJAY,BOHRA HOSPITAL AND MEDICAL COUNCIL,Mewat,Haryana,,Private,,false
PMJAY,AL SALAM HOSPITAL,Mewat,Haryana,,Private,,false
PMJAY,HUSSAIN HOSPITAL,Mewat,Haryana,,Private,,false
PMJAY,CHC BADOLI,Palwal,Haryana,,Public,,false
PMJAY,PHC CHHAINSA,Palwal,Haryana,,Public,,false
PMJAY,DCH Palwal,Palwal,Haryana,,Public,,false
PMJAY,PHC DEEGHOT,Palwal,Haryana,,Public,,false
PMJAY,PHC KOT,Palwal,Haryana,,Public,,false
PMJAY,PHC UTTAWAR,Palwal,Haryana,,Public,,false
PMJAY,PHC BHULWANA,Palwal,Haryana,,Public,,false
PMJAY,PHC AMARPUR,Palwal,Haryana,,Public,,false
PMJAY,PHC SOLRA,Palwal,Haryana,,Public,,false
PMJAY,PHC SIHOL,Palwal,Haryana,,Public,,false
PMJAY,Sub Divisional Hospital Hodal,Palwal,Haryana,,Public,,false
PMJAY,UPHC SALLAGARH,Palwal,Haryana,,Public,,false
PMJAY,PHC NANGAL JAT,Palwal,Haryana,,Public,,false
PMJAY,SDH Hathin,Palwal,Haryana,,Public,,false
PMJAY,PHC TAPPA,Palwal,Haryana,,Public,,false
PMJAY,CHC Aurangabad,Palwal,Haryana,,Public,,false
PMJAY,PHC MANDKOLA,Palwal,Haryana,,Public,,false
PMJAY,PHC KALSARA,Palwal,Haryana,,Public,,false
PMJAY,PHC HASSANPUR,Palwal,Haryana,,Public,,false
PMJAY,CHC Alawalpur,Palwal,Haryana,,Public,,false
PMJAY,PHC ALLIKA,Palwal,Haryana,,Public,,false
PMJAY,CHC SOUNDH,Palwal,Haryana,,Public,,false
PMJAY,COMMUNITY HEALTH CENTER DUDHOLAPublic SMOCHCDUDHOLA@GMAIL.COM DR SANTOSH 8397978051 24 HOSP6G178323 PHC RASULPUR,Palwal,Haryana,,Public,,false
PMJAY,PRABHA EYE HOSPITAL,Palwal,Haryana,,Private,,false
PMJAY,Sathya Sai Sanjeevani International Centre for Child Heart Care and Research,Palwal,Haryana,,Private,,false
PMJAY,Rahul Nursing Home,Palwal,Haryana,,Private,,false
PMJAY,Golden Hospital,Palwal,Haryana,,Private,,false
PMJAY,ATLAS HOSPITAL,Palwal,Haryana,,Private,,false
PMJAY,MANOJ HOSPITAL & TRAUMA CENTRE,Palwal,Haryana,,Private,,false
PMJAY,GOYAL NURSING HOME,Palwal,Haryana,,Private,,false
PMJAY,SHRI SAI HOSPITAL,Palwal,Haryana,,Private,,false
PMJAY,Sachin Hospital,Palwal,Haryana,,Private,,false
PMJAY,galaxy hospital,Palwal,Haryana,,Private,,false
PMJAY,PALWAL HOSPITAL,Palwal,Haryana,,Private,,false
PMJAY,Tula Hospital,Palwal,Haryana,,Private,,false
PMJAY,COSMOS HOSPITAL,Palwal,Haryana,,Private,,false
PMJAY,CHC NANAKPUR,Panchkula,Haryana,,Public,,false
PMJAY,COMMUNITY HEALTH CENTRE KALKA,Panchkula,Haryana,,Public,,false
PMJAY,urban health centre,Panchkula,Haryana,,Public,,false
PMJAY,Urban Polyclinic Pinjore,Panchkula,Haryana,,Public,,false
PMJAY,PHC Morni,Panchkula,Haryana,,Public,,false
PMJAY,CHC Raipur rani,Panchkula,Haryana,,Public,,false
PMJAY,PHC HANGOLA,Panchkula,Haryana,,Public,,false
PMJAY,PHC Kot,Panchkula,Haryana,,Public,,false
PMJAY,MOTHER TERESA SAKET ORTHOPAEDIC HOSPITAL,Panchkula,Haryana,,Public,,false
PMJAY,Civil Hospital PANCHKULA,Panchkula,Haryana,,Public,,false
PMJAY,PHC Barwala,Panchkula,Haryana,,Public,,false
PMJAY,Govt.Polyclinic Sec 26,Panchkula,Haryana,,Public,,false
PMJAY,AGGARWAL CANCER CARE AND DIAGNOSTIC CENTRE,Panchkula,Haryana,,Private,,false
PMJAY,RAHI CARE PRIVATE LIMITED,Panchkula,Haryana,,Private,,false
PMJAY,BRIGHT KIDNEY CARE HOSPITAL,Panchkula,Haryana,,Private,,false
PMJAY,DHAWAN HOSPITAL,Panchkula,Haryana,,Private,,false
PMJAY,KARE PARTNERS MOTHER AND CHILD,Panchkula,Haryana,,Private,,false
PMJAY,THE BLISS HOSPITAL,Panchkula,Haryana,,Private,,false
PMJAY,INSTITUTE OF REPRODUCATION & CHILD CARES,Panchkula,Haryana,,Private,,false
PMJAY,Radhi Devi Amravati Polyclinic,Panchkula,Haryana,,Private,,false
PMJAY,Dr Bakshi Gupta Eye Care Centre,Panchkula,Haryana,,Private,,false
PMJAY,NETRA EYE HOSPITAL,Panchkula,Haryana,,Private,,false
PMJAY,Malik Medical and Diagnostic Centre,Panchkula,Haryana,,Private,,false
PMJAY,GUPTA EYE HOSPITAL,Panchkula,Haryana,,Private,,false
PMJAY,A ONE CREATIONS PVT LTD,Panchkula,Haryana,,Private,,false
PMJAY,Raffels Hospital,Panchkula,Haryana,,Private,,false
PMJAY,DRISHTI EYE HOSPITAL,Panchkula,Haryana,,Private,,false
PMJAY,NAVDEEP HOSPITAL,Panchkula,Haryana,,Private,,false
PMJAY,PHC Ugrakheri,Panipat,Haryana,,Public,,false
PMJAY,CHC BAPOLI,Panipat,Haryana,,Public,,false
PMJAY,CHC KHOTPURA,Panipat,Haryana,,Public,,false
PMJAY,CHC NAULTHA PANIPAT,Panipat,Haryana,,Public,,false
PMJAY,UHC Sec 25,Panipat,Haryana,,Public,,false
PMJAY,URBAN HEALTH CENTRE GHOSLI SECTOR 12 HUDA PANIPAT,Panipat,Haryana,,Public,,false
PMJAY,CHC AHAR,Panipat,Haryana,,Public,,false
PMJAY,Civil Hospital PANIPAT,Panipat,Haryana,,Public,,false
PMJAY,PHC UJHA,Panipat,Haryana,,Public,,false
PMJAY,PHC PATTIKALYANA,Panipat,Haryana,,Public,,false
PMJAY,PHC KAWI,Panipat,Haryana,,Public,,false
PMJAY,CHC Madlauda,Panipat,Haryana,,Public,,false
PMJAY,PHC KABRI,Panipat,Haryana,,Public,,false
PMJAY,CHC Naraina,Panipat,Haryana,,Public,,false
PMJAY,CHC DADLANA,Panipat,Haryana,,Public,,false
PMJAY,ESI HOSPITAL PANIPAT,Panipat,Haryana,,Public,,false
PMJAY,CHC Samalkha,Panipat,Haryana,,Public,,false
PMJAY,PHC SEWAH,Panipat,Haryana,,Public,,false
PMJAY,JINDAL NURSING HOME,Panipat,Haryana,,Private,,false
PMJAY,SANKALP HOSPITAL,Panipat,Haryana,,Private,,false
PMJAY,IBM HOSPITAL AND TRAUMA CENTRE,Panipat,Haryana,,Private,,false
PMJAY,SHOBHIT HOSPITAL,Panipat,Haryana,,Private,,false
PMJAY,KALRA HOSPITAL,Panipat,Haryana,,Private,,false
PMJAY,LALA HARBHAGWAN DASS MEMORIAL DR PREM HOSPITAL,Panipat,Haryana,,Private,,false
PMJAY,PARK HOSPITAL A UNIT OF PARK MEDICITY INDIA PVT LTD,Panipat,Haryana,,Private,,false
PMJAY,CYGNUS MAHARAJA AGGERSSAIN HOSPITAL,Panipat,Haryana,,Private,,false
PMJAY,GUPTA EYE HOSPITAL,Panipat,Haryana,,Private,,false
PMJAY,OSCAR SUPER SPECIALITY & TRAUMA CENTRE A UNIT OF OSCAR HEALTH SERVICES,Panipat,Haryana,,Private,,false
PMJAY,GARG ORTHOPEDIC HOSPITAL AND TRAUMA CENTRE,Panipat,Haryana,,Private,,false
PMJAY,A.R. MITTAL HOSPITAL,Panipat,Haryana,,Private,,false
PMJAY,IBM HOSPITAL AND TRAUMA CENTRE A UNIT OF GAURAV HOSPITAL PVT LTDPrivate ibmhospitalpnp@gmail.com Reena Srivastava 9996330353 32 HOSP6P102263 BAJAJ EYE CENTRE,Panipat,Haryana,,Private,,false
PMJAY,HEART AND MOTHER CARE HOSPITAL,Panipat,Haryana,,Private,,false
PMJAY,@GMAIL.COM Utsav Gupta 9999187367 34 HOSP6P122928 D N HOSPITAL,Panipat,Haryana,,Private,,false
PMJAY,ABC HOSPITAL,Panipat,Haryana,,Private,,false
PMJAY,G C GUPTA HOSPITAL PANIPAT,Panipat,Haryana,,Private,,false
PMJAY,DISHA CHILDRENS HOSPITAL & DENTAL CARE CENTER,Panipat,Haryana,,Private,,false
PMJAY,CHHABRA HOSPITAL,Panipat,Haryana,,Private,,false
PMJAY,PANCHAL HOSPITAL,Panipat,Haryana,,Private,,false
PMJAY,ALTAIR HOSPITAL,Panipat,Haryana,,Private,,false
PMJAY,SARDANA BENZ HOSPITAL,Panipat,Haryana,,Private,,false
PMJAY,JATINDERA HOSPITAL PANIPAT,Panipat,Haryana,,Private,,false
PMJAY,SUNIL MEMORIAL HOSPITAL AND HEART CARE CENTRE,Panipat,Haryana,,Private,,false
PMJAY,MAX PLUS HOSPITAL,Panipat,Haryana,,Private,,false
PMJAY,SAIPRASANN MEDICENTRE AND SATYA CLINIC,Panipat,Haryana,,Private,,false
PMJAY,ANGEL CARE HOSPITAL,Panipat,Haryana,,Private,,false
PMJAY,DEV EYE CARE,Panipat,Haryana,,Private,,false
PMJAY,DEVI MURTI HOSPITAL,Panipat,Haryana,,Private,,false
PMJAY,DR HAWA SINGH CHILDREN HOSPITAL,Panipat,Haryana,,Private,,false
PMJAY,PANIPAT HEART HOSPITAL,Panipat,Haryana,,Private,,false
PMJAY,R M ANAND HOSPITAL,Panipat,Haryana,,Private,,false
PMJAY,AYUSHMAN BHAV HEALTH INSTITUTE,Panipat,Haryana,,Private,,false
PMJAY,AMAN HOSPITAL,Panipat,Haryana,,Private,,false
PMJAY,DR SOMBIR HOSPITAL,Panipat,Haryana,,Private,,false
PMJAY,DR.RAVINDERA MATERNITY & GENERAL HOSPITAL,Panipat,Haryana,,Private,,false
PMJAY,RAINBOW HOSPITAL,Panipat,Haryana,,Private,,false
PMJAY,THE KIDNEY HOSPITAL,Panipat,Haryana,,Private,,false
PMJAY,PAWANANJALI HOSPITAL,Panipat,Haryana,,Private,,false
PMJAY,H S MEMORIAL HOSPITAL,Panipat,Haryana,,Private,,false
PMJAY,SUPREETY HOSPITAL AND MIND HEALTH CLINIC PANIPAT,Panipat,Haryana,,Private,,false
PMJAY,hyderabadi general hospital & nursing home,Panipat,Haryana,,Private,,false
PMJAY,NC MEDICAL COLLEGE,Panipat,Haryana,,Private,,false
PMJAY,MAGNUS HOSPITAL,Panipat,Haryana,,Private,,false
PMJAY,DR. NARAYAN DATT HOSPITAL,Panipat,Haryana,,Private,,false
PMJAY,SHREE BALAJEE MULTISPECILITIES HOSPITAL,Panipat,Haryana,,Private,,false
PMJAY,ONELIFE HOSPITAL AND TRAUMA CENTRE,Panipat,Haryana,,Private,,false
PMJAY,SHRI GURU NANAK HOSPITAL,Panipat,Haryana,,Private,,false
PMJAY,MALHOTRA MOTHER AND CHILD HOSPITAL,Panipat,Haryana,,Private,,false
PMJAY,CITY HOSPITAL,Panipat,Haryana,,Private,,false
PMJAY,ANAND HOSPITAL AND NAVDEEP EYE CENTRE,Panipat,Haryana,,Private,,false
PMJAY,HEALTH WAVE HOSPITAL DR SUNIL GUPTA MULTISPECLITY HOSPITALPrivate ashigupta198468@gmail.com Ashi Gupta 9996933351 72 HOSP6P14076 PAHUJA HOSPITAL,Panipat,Haryana,,Private,,false
PMJAY,DR SUMIT BONE & JOINT CENTER,Panipat,Haryana,,Private,,false
PMJAY,MALIK HOSPITAL,Panipat,Haryana,,Private,,false
PMJAY,Madaan Hospital,Panipat,Haryana,,Private,,false
PMJAY,SONI BURNS & PLASTIC SURGERY CENTRE,Panipat,Haryana,,Private,,false
PMJAY,APEX HOSPITAL,Panipat,Haryana,,Private,,false
PMJAY,VARDAAN STONE AND KIDNEY HOSPITAL,Panipat,Haryana,,Private,,false
PMJAY,PRISMA CARE,Panipat,Haryana,,Private,,false
PMJAY,DR PRITAM ARORA ENT CARE CENTRE,Panipat,Haryana,,Private,,false
PMJAY,GALAXY HOSPITAL AND TRAUMA CENTRE,Panipat,Haryana,,Private,,false
PMJAY,AMRIT HOSPITAL AND TRAUMA CENTRE,Panipat,Haryana,,Private,,false
PMJAY,CIVIL HOSPITAL REWARI,Rewari,Haryana,,Public,,false
PMJAY,PHC BHARAWAS,Rewari,Haryana,,Public,,false
PMJAY,PHC TANKRI,Rewari,Haryana,,Public,,false
PMJAY,CHC BAWAL,Rewari,Haryana,,Public,,false
PMJAY,PHC Dharuhera,Rewari,Haryana,,Public,,false
PMJAY,PHC AKERA,Rewari,Haryana,,Public,,false
PMJAY,PHC DAHINA,Rewari,Haryana,,Public,,false
PMJAY,PHC Basduda,Rewari,Haryana,,Public,,false
PMJAY,PHC Sangwari,Rewari,Haryana,,Public,,false
PMJAY,CHC Meerpur,Rewari,Haryana,,Public,,false
PMJAY,CHC Nahar,Rewari,Haryana,,Public,,false
PMJAY,PHCJatusana,Rewari,Haryana,,Public,,false
PMJAY,phc bawwa,Rewari,Haryana,,Public,,false
PMJAY,CHC Khol,Rewari,Haryana,,Public,,false
PMJAY,CHC Gurawara,Rewari,Haryana,,Public,,false
PMJAY,PHC Rattanthal,Rewari,Haryana,,Public,,false
PMJAY,PHC Gagaicha ahir,Rewari,Haryana,,Public,,false
PMJAY,PHC Fatehpuri,Rewari,Haryana,,Public,,false
PMJAY,PHC GURYANI,Rewari,Haryana,,Public,,false
PMJAY,SDCH KOSLI,Rewari,Haryana,,Public,,false
PMJAY,PHC Masani,Rewari,Haryana,,Public,,false
PMJAY,Phc Kasola,Rewari,Haryana,,Public,,false
PMJAY,Vedanta Hospital,Rewari,Haryana,,Private,,false
PMJAY,GANGASAHAIMULTISPECIALITY HOSPITAL PVT LTD,Rewari,Haryana,,Private,,false
PMJAY,ARORA NURSING HOME,Rewari,Haryana,,Private,,false
PMJAY,DR S P YADAV MULTISPECIALITY HOSPITAL,Rewari,Haryana,,Private,,false
PMJAY,PUSHPANJALI HOSPITAL,Rewari,Haryana,,Private,,false
PMJAY,R Yadav Surgical and Rekha Eye Hospital,Rewari,Haryana,,Private,,false
PMJAY,MAARS HOSPITAL AND HEART INSTITUTE,Rewari,Haryana,,Private,,false
PMJAY,Riti Eye Care Hospital,Rewari,Haryana,,Private,,false
PMJAY,PULSE HOSPITAL,Rewari,Haryana,,Private,,false
PMJAY,KATYAL HOSPITAL AND CRITICAL CARE CENTRE,Rewari,Haryana,,Private,,false
PMJAY,DEEPHOSPITAL,Rewari,Haryana,,Private,,false
PMJAY,DR PRADEEP HOSPITAL & TRAUMA CENTRE,Rewari,Haryana,,Private,,false
PMJAY,YADUVANSHI HOSPITAL,Rewari,Haryana,,Private,,false
PMJAY,DR SURENDER ORTHO HOSPITAL,Rewari,Haryana,,Private,,false
PMJAY,JIJIVISHA HOSPITAL,Rewari,Haryana,,Private,,false
PMJAY,WOMEN PRIDE HEALTHCARE & IVF CENTER,Rewari,Haryana,,Private,,false
PMJAY,Dhir Vision Center Kosli,Rewari,Haryana,,Private,,false
PMJAY,SAVITRI DEVI HOSPITAL,Rewari,Haryana,,Private,,false
PMJAY,EYE Q VISION PVT LTD,Rewari,Haryana,,Private,,false
PMJAY,DR R B YADAV HOSPITAL,Rewari,Haryana,,Private,,false
PMJAY,VIRAT HOSPITALS,Rewari,Haryana,,Private,,false
PMJAY,PHC PAKASMA,Rohtak,Haryana,,Public,,false
PMJAY,"URBAN PRIMARY HEALTH CENTER , EKTA COLONY, ROHTAK",Rohtak,Haryana,,Public,,false
PMJAY,"URBAN PRIMARY HEALTH CENTER , GAU KARN ROHTAK",Rohtak,Haryana,,Public,,false
PMJAY,PHC BEHLBA,Rohtak,Haryana,,Public,,false
PMJAY,CHC MADINA,Rohtak,Haryana,,Public,,false
PMJAY,SAMARGOPALPUR,Rohtak,Haryana,,Public,,false
PMJAY,DISTRICT CIVIL HOSPITAL ROHTAK,Rohtak,Haryana,,Public,,false
PMJAY,"URBAN PRIMARY HEALTH CENTER , SUKHPURA ROHTAK HARYANA",Rohtak,Haryana,,Public,,false
PMJAY,PHC HASSANGARH,Rohtak,Haryana,,Public,,false
PMJAY,POLY CLINIC ROHTAK,Rohtak,Haryana,,Public,,false
PMJAY,PHC BANIYANI,Rohtak,Haryana,,Public,,false
PMJAY,PHC KHARAWAR,Rohtak,Haryana,,Public,,false
PMJAY,CHC KAHNAUR,Rohtak,Haryana,,Public,,false
PMJAY,SDH KALANAUR,Rohtak,Haryana,,Public,,false
PMJAY,PHC KAROTHA,Rohtak,Haryana,,Public,,false
PMJAY,phc sanghi,Rohtak,Haryana,,Public,,false
PMJAY,PHC FARMANA BADSHAHPUR,Rohtak,Haryana,,Public,,false
PMJAY,CHC Sampla,Rohtak,Haryana,,Public,,false
PMJAY,PHC NINDANA,Rohtak,Haryana,,Public,,false
PMJAY,Civil Hospital Cum CHC Meham,Rohtak,Haryana,,Public,,false
PMJAY,PHC MOKHRA,Rohtak,Haryana,,Public,,false
PMJAY,PHC BALAND,Rohtak,Haryana,,Public,,false
PMJAY,PHC GHILLOR,Rohtak,Haryana,,Public,,false
PMJAY,PHC LAKHAN MAJRA,Rohtak,Haryana,,Public,,false
PMJAY,CHC KILOI,Rohtak,Haryana,,Public,,false
PMJAY,Pt B D Sharma PGIMS Rohtak,Rohtak,Haryana,,Public,,false
PMJAY,PHC BHALOUT,Rohtak,Haryana,,Public,,false
PMJAY,CHC CHIRI,Rohtak,Haryana,,Public,,false
PMJAY,PHC ISMAILA,Rohtak,Haryana,,Public,,false
PMJAY,ONYX STONES HOSPITAL,Rohtak,Haryana,,Private,,false
PMJAY,ASHA SANJEEVANI HOSPITAL,Rohtak,Haryana,,Private,,false
PMJAY,TIRUPATI MULTISPECIALITY HOSPITAL,Rohtak,Haryana,,Private,,false
PMJAY,OXYGEN HOSPITAL,Rohtak,Haryana,,Private,,false
PMJAY,Rathi Eye Hospital,Rohtak,Haryana,,Private,,false
PMJAY,EYE Q VISION PVT LTD,Rohtak,Haryana,,Private,,false
PMJAY,SHIVAM LIVER AND GASTRO SUPER SPECIALITY HOSPITAL,Rohtak,Haryana,,Private,,false
PMJAY,SUNFLAG GLOBAL HOSPITAL KAHNAUR,Rohtak,Haryana,,Private,,false
PMJAY,ARS HOLY HEART ADVANCED CARDIAC CARE & RESEARCH CENTRE,Rohtak,Haryana,,Private,,false
PMJAY,HOODA HOSPITAL,Rohtak,Haryana,,Private,,false
PMJAY,NOBLE HEART AND SUPER SPECIALTY HOSPITAL,Rohtak,Haryana,,Private,,false
PMJAY,POSITRON HOSPITAL A UNIT OF MK SUPER SPECIALTY HOSPITAL PVT. LTD.Private ceo@positronhospital.com Anil Yadav 7496965056 42 HOSP6P173823 PARAM HOSPITAL,Rohtak,Haryana,,Private,,false
PMJAY,CHOWDHARY HOSPITAL,Rohtak,Haryana,,Private,,false
PMJAY,OSCARSUPER SPECIALITY HOSPITAL & TRAUMA CENTER,Rohtak,Haryana,,Private,,false
PMJAY,ISHWAR ORTHOPEADIC AND JOINT REPLACEMENT HOSPITAL,Rohtak,Haryana,,Private,,false
PMJAY,ROHTAK CANCER CARE HOSPITAL& RESEARCH CENTRE,Rohtak,Haryana,,Private,,false
PMJAY,SHREE HOSPITAL ROHTAK,Rohtak,Haryana,,Private,,false
PMJAY,SWASTIK HOSPITAL,Rohtak,Haryana,,Private,,false
PMJAY,SANJEEVANI PLUS HOSPITAL,Rohtak,Haryana,,Private,,false
PMJAY,SIWACH SANJEEVANI HOSPITAL,Rohtak,Haryana,,Private,,false
PMJAY,SPES NEW BORN AND CHILD SUPER SPECIALITY CENTRE,Rohtak,Haryana,,Private,,false
PMJAY,TRIPTI HOSPITAL & UROLOGY CENTRE,Rohtak,Haryana,,Private,,false
PMJAY,PRAGATI HOSPITAL,Rohtak,Haryana,,Private,,false
PMJAY,BAJAJ EYE CARE HOSPITAL,Rohtak,Haryana,,Private,,false
PMJAY,ADVANTA SUPER SPECIALITY HOSPITAL,Rohtak,Haryana,,Private,,false
PMJAY,ISHWAR EYE CENTRE LLP,Rohtak,Haryana,,Private,,false
PMJAY,HOLY HEART SUPER SPECIALITY & TRAUMA CENTRE,Rohtak,Haryana,,Private,,false
PMJAY,KHURANA EYE CENTRE,Rohtak,Haryana,,Private,,false
PMJAY,ANAND EYE HOSPITAL,Rohtak,Haryana,,Private,,false
PMJAY,NIDAAN ENT CANCER HEAD AND NECK OBS AND GYNAE HOSPITAL,Rohtak,Haryana,,Private,,false
PMJAY,DR JALES LIFE CARE HOSPITAL,Rohtak,Haryana,,Private,,false
PMJAY,VIDYA RATAN EYE HOSPITAL,Rohtak,Haryana,,Private,,false
PMJAY,AKASH HOSPITAL,Rohtak,Haryana,,Private,,false
PMJAY,PGV HEALTH WELLNESS HOSPITAL,Rohtak,Haryana,,Private,,false
PMJAY,PRAGATI CHILDCARE AND MULTISPECIALITY HOSPITAL,Rohtak,Haryana,,Private,,false
PMJAY,WE CARE MULTISPECIALITY HOSPITAL,Rohtak,Haryana,,Private,,false
PMJAY,APEX PLUS SUPERSPECIALTY HOSPITAL,Rohtak,Haryana,,Private,,false
PMJAY,JOYLINE MULTISPECIALITY HOSPITAL,Rohtak,Haryana,,Private,,false
PMJAY,JAIN HOSPITAL & FERTILITY CENTRE,Rohtak,Haryana,,Private,,false
PMJAY,MEDSTAR MULTI & SUPER SPECIALITY HOSPITAL,Rohtak,Haryana,,Private,,false
PMJAY,MANSAROVER HOSPITAL,Rohtak,Haryana,,Private,,false
PMJAY,HARYANA MULTISPECIALITY HOSPITAL,Rohtak,Haryana,,Private,,false
PMJAY,M.R. MEMORIAL NAV JEVAN HOSPITAL,Rohtak,Haryana,,Private,,false
PMJAY,PHC Bhawdeen,Sirsa,Haryana,,Public,,false
PMJAY,PHC Goriwala,Sirsa,Haryana,,Public,,false
PMJAY,PHC BANI,Sirsa,Haryana,,Public,,false
PMJAY,PHC Rori,Sirsa,Haryana,,Public,,false
PMJAY,Primary Health Centre Keharwala,Sirsa,Haryana,,Public,,false
PMJAY,PHC BANSUDHAR,Sirsa,Haryana,,Public,,false
PMJAY,POLYCLINIC KHAIRPUR,Sirsa,Haryana,,Public,,false
PMJAY,PHC MALLEKAN,Sirsa,Haryana,,Public,,false
PMJAY,CHC Odhan,Sirsa,Haryana,,Public,,false
PMJAY,Communit Health Centre,Sirsa,Haryana,,Public,,false
PMJAY,AAM PHC DADU,Sirsa,Haryana,,Public,,false
PMJAY,CH Sirsa,Sirsa,Haryana,,Public,,false
PMJAY,COMMUNIT HEALTH CENTRE RANIA,Sirsa,Haryana,,Public,,false
PMJAY,UPHC INDERPURI MOHALLA,Sirsa,Haryana,,Public,,false
PMJAY,PHC DHOTTAR,Sirsa,Haryana,,Public,,false
PMJAY,PHC KALUANA,Sirsa,Haryana,,Public,,false
PMJAY,PHC Darba Kalan,Sirsa,Haryana,,Public,,false
PMJAY,Primary Health Centre Panihari,Sirsa,Haryana,,Public,,false
PMJAY,CHC Chautala,Sirsa,Haryana,,Public,,false
PMJAY,Panniwala Mota,Sirsa,Haryana,,Public,,false
PMJAY,PHC Kharian,Sirsa,Haryana,,Public,,false
PMJAY,PHC Jagmalera,Sirsa,Haryana,,Public,,false
PMJAY,SDCH ELLENABAD,Sirsa,Haryana,,Public,,false
PMJAY,PHC DESUJODHA,Sirsa,Haryana,,Public,,false
PMJAY,PHC RANDHAWA,Sirsa,Haryana,,Public,,false
PMJAY,CHC Nathusari Chopta,Sirsa,Haryana,,Public,,false
PMJAY,PHC DARBI,Sirsa,Haryana,,Public,,false
PMJAY,PHC Ding,Sirsa,Haryana,,Public,,false
PMJAY,CHC BARAGUDHA,Sirsa,Haryana,,Public,,false
PMJAY,PHC Kagdana,Sirsa,Haryana,,Public,,false
PMJAY,PRIMARY HEALTH CENTRE JOTTANWALI,Sirsa,Haryana,,Public,,false
PMJAY,PHC GANGA,Sirsa,Haryana,,Public,,false
PMJAY,PHC Jamal,Sirsa,Haryana,,Public,,false
PMJAY,CHC Kalanwali,Sirsa,Haryana,,Public,,false
PMJAY,SDCH Dabwali,Sirsa,Haryana,,Public,,false
PMJAY,CONCEIVE IVF AND FERTILITY CENTRE,Sirsa,Haryana,,Private,,false
PMJAY,YMC HOSPITAL NEONATAL AND PAEDIATRIC CENTER,Sirsa,Haryana,,Private,,false
PMJAY,NEERAJ HOSPITAL,Sirsa,Haryana,,Private,,false
PMJAY,JEEVAN JYOTI HOSPITAL,Sirsa,Haryana,,Private,,false
PMJAY,MDVARDAANHOSPTAL,Sirsa,Haryana,,Private,,false
PMJAY,Care hospital,Sirsa,Haryana,,Private,,false
PMJAY,MOHAR SINGH SURGICAL AND MATERNITY HOSPITAL,Sirsa,Haryana,,Private,,false
PMJAY,SHREE HOSPITAL,Sirsa,Haryana,,Private,,false
PMJAY,BABYLON CHILDREN HOSPITAL,Sirsa,Haryana,,Private,,false
PMJAY,JAIN ORTHOPEDIC AND MULTISPECIALTY HOSPITAL,Sirsa,Haryana,,Private,,false
PMJAY,AMIT WASIL EYE HOSPITAL,Sirsa,Haryana,,Private,,false
PMJAY,SHRI SHYAM HOSPITAL & MATERNITY HOME,Sirsa,Haryana,,Private,,false
PMJAY,SANTOSH HOSPITAL AND MATERNITY HOME,Sirsa,Haryana,,Private,,false
PMJAY,KARWASRA BONE JOINT HISPITAL,Sirsa,Haryana,,Private,,false
PMJAY,Rakshit Hospital,Sirsa,Haryana,,Private,,false
PMJAY,SPS HOSPITAL,Sirsa,Haryana,,Private,,false
PMJAY,AZAD SURGICALHOSPITAL,Sirsa,Haryana,,Private,,false
PMJAY,LALIT HEART & CHILD CARE CENTRE,Sirsa,Haryana,,Private,,false
PMJAY,ASHIRWAD MULTI SPECIALITY HOSPITAL,Sirsa,Haryana,,Private,,false
PMJAY,CHAUDHARY ORTHOPEDIC AND GENERAL HOSPITAL,Sirsa,Haryana,,Private,,false
PMJAY,TALWAR HOSPITAL IVF CENTRE,Sirsa,Haryana,,Private,,false
PMJAY,KHURANA HOSPITAL AND IVF CENTRE,Sirsa,Haryana,,Private,,false
PMJAY,D.M.C. HOSPITAL,Sirsa,Haryana,,Private,,false
PMJAY,MEDICITI A MULTISPECIALITY HOSPITAL,Sirsa,Haryana,,Private,,false
PMJAY,SHRI GURUNANAK MULTISPECIALITY & BAWASIR HOSPITAL,Sirsa,Haryana,,Private,,false
PMJAY,MANDEEP HEART HOSPITAL,Sirsa,Haryana,,Private,,false
PMJAY,SURAKSHA MULTISPECIALITY HOSPITAL,Sirsa,Haryana,,Private,,false
PMJAY,ASTHA MULTI SPECIALITY HOSPITAL,Sirsa,Haryana,,Private,,false
PMJAY,TIRUPATI KIDNEY & LASER HOSPITAL,Sirsa,Haryana,,Private,,false
PMJAY,BAGLA EYE HOSPITAL,Sirsa,Haryana,,Private,,false
PMJAY,APEX HOSPITAL AND RESEARCH CENTRE,Sirsa,Haryana,,Private,,false
PMJAY,SIRSA ENT HOSPITAL AND LASER SURGERY CENTRE,Sirsa,Haryana,,Private,,false
PMJAY,JAI BALAJI MULTISPECIALTY HOSPITAL,Sirsa,Haryana,,Private,,false
PMJAY,BHULLAR MULTISPECIALITY HOSPITAL,Sirsa,Haryana,,Private,,false
PMJAY,EYE Q VISION PVT LTD,Sirsa,Haryana,,Private,,false
PMJAY,HOLY NURSING HOME,Sirsa,Haryana,,Private,,false
PMJAY,POONIA HOSPITAL,Sirsa,Haryana,,Private,,false
PMJAY,SHREE SWASTIK HOSPITAL,Sirsa,Haryana,,Private,,false
PMJAY,DR. PRAVEEN EYE HOSPITAL & RESEARCH CENTRE,Sirsa,Haryana,,Private,,false
PMJAY,CITY HEALTHCARE & NEURO RESEARCH CENTRE,Sirsa,Haryana,,Private,,false
PMJAY,PARAS BONE JOINT AND GENERAL HOSPITAL,Sirsa,Haryana,,Private,,false
PMJAY,SHIVAM HOSPITAL,Sirsa,Haryana,,Private,,false
PMJAY,HISSARIA CHILDREN HOSPITAL,Sirsa,Haryana,,Private,,false
PMJAY,SIGMA HOSPITAL,Sirsa,Haryana,,Private,,false
PMJAY,NAIN ORTHO AND MULTISPECIALITY HOSPITAL,Sirsa,Haryana,,Private,,false
PMJAY,DUDI HOSPITAL,Sirsa,Haryana,,Private,,false
PMJAY,NAVJEEVAN NEONATAL & CHILD CARE HOSPITAL,Sirsa,Haryana,,Private,,false
PMJAY,DELHI SPINE AND NEURO HOSPITAL,Sirsa,Haryana,,Private,,false
PMJAY,GILL HOSPITAL,Sirsa,Haryana,,Private,,false
PMJAY,VIVEK EYE HOSPITAL,Sirsa,Haryana,,Private,,false
PMJAY,NARAYANA CHILDREN HOSPITAL,Sirsa,Haryana,,Private,,false
PMJAY,MAMTA ENT HOSPITAL,Sirsa,Haryana,,Private,,false
PMJAY,BOMBAY HOSPITAL,Sirsa,Haryana,,Private,,false
PMJAY,SHREE BALAJI HOSPITAL,Sirsa,Haryana,,Private,,false
PMJAY,NARANG HOSPITAL,Sirsa,Haryana,,Private,,false
PMJAY,VISION CARE EYE HOSPITAL,Sirsa,Haryana,,Private,,false
PMJAY,ORTHOHEAL HOSPITAL,Sirsa,Haryana,,Private,,false
PMJAY,BANSAL HOSPITAL,Sirsa,Haryana,,Private,,false
PMJAY,JYANI NURSING HOME,Sirsa,Haryana,,Private,,false
PMJAY,SUKHMANI HOSPITAL,Sirsa,Haryana,,Private,,false
PMJAY,Tomar Nursing Home,Sirsa,Haryana,,Private,,false
PMJAY,Sanjivani Hospital,Sirsa,Haryana,,Private,,false
PMJAY,PHC Madina,Sonipat,Haryana,,Public,,false
PMJAY,PHC DUBHETA,Sonipat,Haryana,,Public,,false
PMJAY,PHC JAKHOLI,Sonipat,Haryana,,Public,,false
PMJAY,hwc nahri,Sonipat,Haryana,,Public,,false
PMJAY,UHC MAHAVIR COLONY,Sonipat,Haryana,,Public,,false
PMJAY,PRIMARY HEALTH CENTER HALALPUR,Sonipat,Haryana,,Public,,false
PMJAY,COMMUNITY HEALTH CENTRE BADKHALSA,Sonipat,Haryana,,Public,,false
PMJAY,PHC BARODA,Sonipat,Haryana,,Public,,false
PMJAY,PHC JAGSI,Sonipat,Haryana,,Public,,false
PMJAY,PHC KUNDLI,Sonipat,Haryana,,Public,,false
PMJAY,sdhgohana,Sonipat,Haryana,,Public,,false
PMJAY,PHC BANWASA,Sonipat,Haryana,,Public,,false
PMJAY,PHC MOHANA,Sonipat,Haryana,,Public,,false
PMJAY,PHC MURTHAL,Sonipat,Haryana,,Public,,false
PMJAY,URBAN HEALTH CENTRE KALUPUR,Sonipat,Haryana,,Public,,false
PMJAY,phc bhatgaon,Sonipat,Haryana,,Public,,false
PMJAY,PHC Khewra,Sonipat,Haryana,,Public,,false
PMJAY,PHC SARAGTHAL,Sonipat,Haryana,,Public,,false
PMJAY,PHC BEGA,Sonipat,Haryana,,Public,,false
PMJAY,CHC Mundlana,Sonipat,Haryana,,Public,,false
PMJAY,Policlinic,Sonipat,Haryana,,Public,,false
PMJAY,chc ferojpur banger,Sonipat,Haryana,,Public,,false
PMJAY,communityhealthcenterjuan,Sonipat,Haryana,,Public,,false
PMJAY,District Civil Hospital Sonipat,Sonipat,Haryana,,Public,,false
PMJAY,PHC Rohat,Sonipat,Haryana,,Public,,false
PMJAY,BPS GMC for Women,Sonipat,Haryana,,Public,,false
PMJAY,CHC GANAUR,Sonipat,Haryana,,Public,,false
PMJAY,CHC Kharkhoda,Sonipat,Haryana,,Public,,false
PMJAY,PHC KHANPUR KALAN,Sonipat,Haryana,,Public,,false
PMJAY,PHC PURKHAS,Sonipat,Haryana,,Public,,false
PMJAY,PHC RAjlu garhi,Sonipat,Haryana,,Public,,false
PMJAY,PHC MOI MAJRI,Sonipat,Haryana,,Public,,false
PMJAY,COMMUNITY HEALTH CENTRE BHAINSWAL KALAN,Sonipat,Haryana,,Public,,false
PMJAY,PHC BHATANA ZAFRABAD,Sonipat,Haryana,,Public,,false
PMJAY,PHCDATTOLI,Sonipat,Haryana,,Public,,false
PMJAY,R K EYE Hospital,Sonipat,Haryana,,Private,,false
PMJAY,BHAGWAN DAS HOSPITAL,Sonipat,Haryana,,Private,,false
PMJAY,CROSSROADS HOSPITAL,Sonipat,Haryana,,Private,,false
PMJAY,MAHARAJA AGAR SAIN HOSPITAL,Sonipat,Haryana,,Private,,false
PMJAY,SMT JAI DEVI MEMORIAL NURSING HOME,Sonipat,Haryana,,Private,,false
PMJAY,HASIJA HOSPITAL,Sonipat,Haryana,,Private,,false
PMJAY,CYGNUS JK HINDU HOSPITAL,Sonipat,Haryana,,Private,,false
PMJAY,VIRMANI HOSPITAL,Sonipat,Haryana,,Private,,false
PMJAY,TULIP MULTISPECIALITY HOSPITAL PVT. LTD .,Sonipat,Haryana,,Private,,false
PMJAY,DAHIYA EYE AND MATERNITY HOSPITAL,Sonipat,Haryana,,Private,,false
PMJAY,GAJRAJ HOSPITAL,Sonipat,Haryana,,Private,,false
PMJAY,SHANTI HOSPITAL,Sonipat,Haryana,,Private,,false
PMJAY,ARISTO HOSPITAL AND TRAUMA CARE CENTRE,Sonipat,Haryana,,Private,,false
PMJAY,KALAWATI ANAND HOSPITAL & DIGESTIVE DISEASE CENTRE,Sonipat,Haryana,,Private,,false
PMJAY,NOBLE HOSPITAL,Sonipat,Haryana,,Private,,false
PMJAY,NIDAAN HOSPITAL A UNIT OF NARSINGH HOSP HEART INS PVT LTDPrivate ceo.sonipat@parkhospital.in Lokesh Kumar 6262929273 52 HOSP6P03313 CHAUHAN HOSPITAL,Sonipat,Haryana,,Private,,false
PMJAY,SWARNPRASTHA HOSPITAL,Sonipat,Haryana,,Private,,false
PMJAY,MANIKTALIA E.N.T.HOSPITAL,Sonipat,Haryana,,Private,,false
PMJAY,GIRDHAR HOSPITAL,Sonipat,Haryana,,Private,,false
PMJAY,Nawal Hospital and Trauma Centre,Sonipat,Haryana,,Private,,false
PMJAY,RAMA HOSPITAL,Sonipat,Haryana,,Private,,false
PMJAY,SUSHANTI EYE HOSPITAL,Sonipat,Haryana,,Private,,false
PMJAY,DAYANAND HOSPITAL AND CRITICAL CARE CENTRE,Sonipat,Haryana,,Private,,false
PMJAY,HARYANA MULTISPECIALITY HOSPITAL,Sonipat,Haryana,,Private,,false
PMJAY,MOOLCHAND JAIN HOSPITAL,Sonipat,Haryana,,Private,,false
PMJAY,SITA HOSPITAL,Sonipat,Haryana,,Private,,false
PMJAY,Dr Sethis Amar Hospital A Unit of Tulip Multispeciality Hospital Pvt Ltd,Sonipat,Haryana,,Private,,false
PMJAY,GUJARIA HOSPITAL,Sonipat,Haryana,,Private,,false
PMJAY,SANJOG HOSPITAL,Sonipat,Haryana,,Private,,false
PMJAY,ARYA EYE HOSPITAL,Sonipat,Haryana,,Private,,false
PMJAY,RAI MULTISPECIALITY HOSPITAL,Sonipat,Haryana,,Private,,false
PMJAY,KRISHNAWATI HOSPITAL,Sonipat,Haryana,,Private,,false
PMJAY,RANA HOSPITAL,Sonipat,Haryana,,Private,,false
PMJAY,Max Fort Hospital,Sonipat,Haryana,,Private,,false
PMJAY,Sharma Eye Hospital,Sonipat,Haryana,,Private,,false
PMJAY,ABHISHEK MEMORIAL HOSPITAL,Sonipat,Haryana,,Private,,false
PMJAY,EYE Q VISION PVT LTD,Sonipat,Haryana,,Private,,false
PMJAY,DHARAMPUTRA HOSPITAL,Sonipat,Haryana,,Private,,false
PMJAY,S.D MEMORIAL HOSPITAL,Sonipat,Haryana,,Private,,false
PMJAY,ANEJA BHOGAL MULTISPECIALITY HOSPITAL,Sonipat,Haryana,,Private,,false
PMJAY,GURUJIS RAWAL HOSPITAL,Sonipat,Haryana,,Private,,false
PMJAY,Nest Hospital,Sonipat,Haryana,,Private,,false
PMJAY,HANDA HOSPITAL AND HEART CARE CENTRE,Sonipat,Haryana,,Private,,false
PMJAY,BHATIYA MULTISPECIALITY HOSPITAL,Sonipat,Haryana,,Private,,false
PMJAY,PHC KALANAUR,Yamuna Nagar,Haryana,,Public,,false
PMJAY,UPHC AZAD NAGAR,Yamuna Nagar,Haryana,,Public,,false
PMJAY,PHC ARNAULI,Yamuna Nagar,Haryana,,Public,,false
PMJAY,MUKHERJEE PARK,Yamuna Nagar,Haryana,,Public,,false
PMJAY,PHC SABEPUR,Yamuna Nagar,Haryana,,Public,,false
PMJAY,UPHC OLD HAMIDA,Yamuna Nagar,Haryana,,Public,,false
PMJAY,SAROJINI COLONY,Yamuna Nagar,Haryana,,Public,,false
PMJAY,GANDHI NAGAR,Yamuna Nagar,Haryana,,Public,,false
PMJAY,UPHC CAMP PARK,Yamuna Nagar,Haryana,,Public,,false
PMJAY,UPHC GANGA NAGAR,Yamuna Nagar,Haryana,,Public,,false
PMJAY,COMMUNITY HEALTH CENTRE RADAUR,Yamuna Nagar,Haryana,,Public,,false
PMJAY,COMMUNITY HEALTH CENTER KHIZRABAD,Yamuna Nagar,Haryana,,Public,,false
PMJAY,CHC SARASWATINAGAR,Yamuna Nagar,Haryana,,Public,,false
PMJAY,CHC Bilaspur,Yamuna Nagar,Haryana,,Public,,false
PMJAY,PHC Bhambol,Yamuna Nagar,Haryana,,Public,,false
PMJAY,CHC NAHARPUR,Yamuna Nagar,Haryana,,Public,,false
PMJAY,CHC SADHAURA,Yamuna Nagar,Haryana,,Public,,false
PMJAY,primary health center buria,Yamuna Nagar,Haryana,,Public,,false
PMJAY,CHC CHHACHHRAULI,Yamuna Nagar,Haryana,,Public,,false
PMJAY,Phc kharwan,Yamuna Nagar,Haryana,,Public,,false
PMJAY,PRIMARY HEALTH CENTRE KOT MUSTARKA,Yamuna Nagar,Haryana,,Public,,false
PMJAY,sdh jagadhari,Yamuna Nagar,Haryana,,Public,,false
PMJAY,ESI Hospital Jagadhri,Yamuna Nagar,Haryana,,Public,,false
PMJAY,Mukand Lal Civil Hospital Yamunanagar,Yamuna Nagar,Haryana,,Public,,false
PMJAY,SABBARWAL HOSPITAL,Yamuna Nagar,Haryana,,Private,,false
PMJAY,RK GUPTA HOSPITAL,Yamuna Nagar,Haryana,,Private,,false
PMJAY,SANTOSH HOSPITAL,Yamuna Nagar,Haryana,,Private,,false
PMJAY,K. B. Gupta Hospital,Yamuna Nagar,Haryana,,Private,,false
PMJAY,VISHAL EYE CENTER,Yamuna Nagar,Haryana,,Private,,false
PMJAY,VISHAL HOSPITAL,Yamuna Nagar,Haryana,,Private,,false
PMJAY,DABRA HOSPITAL,Yamuna Nagar,Haryana,,Private,,false
PMJAY,GULATI HOSPITAL,Yamuna Nagar,Haryana,,Private,,false
PMJAY,SHARMA HOSPITAL,Yamuna Nagar,Haryana,,Private,,false
PMJAY,RAJ HOSPITAL,Yamuna Nagar,Haryana,,Private,,false
PMJAY,ISHAAN HOSPITAL,Yamuna Nagar,Haryana,,Private,,false
PMJAY,GOEL HOSPITAL,Yamuna Nagar,Haryana,,Private,,false
PMJAY,Neomedicare Children Hospital,Yamuna Nagar,Haryana,,Private,,false
PMJAY,SP INFERTILITY AND SURGICAL CENTER PVT LTD,Yamuna Nagar,Haryana,,Private,,false
PMJAY,KOHLI HOSPITAL,Yamuna Nagar,Haryana,,Private,,false
PMJAY,MAHENDRA HOSPITAL,Yamuna Nagar,Haryana,,Private,,false
PMJAY,AASHIRWAD HOSPITAL,Yamuna Nagar,Haryana,,Private,,false
PMJAY,SUDHIR HOSPITAL,Yamuna Nagar,Haryana,,Private,,false
PMJAY,SWAMI VIVEKANAND MULTISPECIALITY HOSPITAL,Yamuna Nagar,Haryana,,Private,,false
PMJAY,AGGARWAL HOSPITAL,Yamuna Nagar,Haryana,,Private,,false
PMJAY,GABA HOSPITAL,Yamuna Nagar,Haryana,,Private,,false
PMJAY,GURDEVI MEMORIAL SUPER SPECIALITY HOSPITAL,Yamuna Nagar,Haryana,,Private,,false
PMJAY,PARAS HOSPITAL,Yamuna Nagar,Haryana,,Private,,false
PMJAY,JINDAL HOSPITAL A UNIT OF JINDAL LIFECARE P,Yamuna Nagar,Haryana,,Private,,false
PMJAY,SHREE MEDICAL CARE CENTRE,Yamuna Nagar,Haryana,,Private,,false
PMJAY,BANSAL EYE HOSPITAL,Yamuna Nagar,Haryana,,Private,,false
PMJAY,CHADHA HOSPITAL,Yamuna Nagar,Haryana,,Private,,false
PMJAY,CAPITAL SUPER SPECIALITY HOSPITAL,Yamuna Nagar,Haryana,,Private,,false
PMJAY,GARG ENT HOSPITAL,Yamuna Nagar,Haryana,,Private,,false
PMJAY,SHIVALIK HOSPITAL,Yamuna Nagar,Haryana,,Private,,false
PMJAY,VIKRAM HOSPITAL,Yamuna Nagar,Haryana,,Private,,false
PMJAY,GOYAL EYE CARE CENTRE JAGADHRI,Yamuna Nagar,Haryana,,Private,,false
PMJAY,ADVANCED EYE HOSPITAL,Yamuna Nagar,Haryana,,Private,,false
PMJAY,CITY HOSPITAL A UNIT OF RATHEE HEALTH CARE LLP,Yamuna Nagar,Haryana,,Private,,false
PMJAY,SATYAM SUPER SPECIALITY HOSPITAL,Yamuna Nagar,Haryana,,Private,,false
PMJAY,S K HOSPITAL,Yamuna Nagar,Haryana,,Private,,false
PMJAY,RAMESHWAR DASS MEMORIAL HOSPITAL,Yamuna Nagar,Haryana,,Private,,false
PMJAY,VARDAAN HOSPITAL,Yamuna Nagar,Haryana,,Private,,false
PMJAY,EYE Q VISION PVT LTD,Yamuna Nagar,Haryana,,Private,,false
PMJAY,Sushruta Hospital,Yamuna Nagar,Haryana,,Private,,false
PMJAY,VIGHNESH HOSPITAL,Yamuna Nagar,Haryana,,Private,,false
